[09:44:56] [Datafixer Bootstrap #0/INFO]: 295 Datafixer optimizations took 111636 milliseconds
[09:47:14] [Render thread/INFO]: [STDOUT]: [Copper] Transforming Minecraft class...
[09:47:16] [Render thread/INFO]: [STDOUT]: [Copper] Minecraft class transformed.
[09:47:17] [Render thread/INFO]: [STDOUT]: [Copper] Transforming TitleScreen class...
[09:47:17] [Render thread/INFO]: [STDOUT]: [Copper] TitleScreen class transformed.
[09:47:24] [Render thread/INFO]: Environment: Environment[sessionHost=https://sessionserver.mojang.com, servicesHost=https://api.minecraftservices.com, profilesHost=https://api.mojang.com, name=PROD]
[09:47:27] [Render thread/INFO]: Setting user: Player
[09:47:34] [Render thread/INFO]: Backend library: LWJGL version 3.4.1+2
[09:47:34] [Render thread/WARN]: Detected unexpected shutdown during last game startup: resetting fullscreen mode
[09:47:38] [Download-2/ERROR]: Failed to fetch user properties
com.mojang.authlib.exceptions.InvalidCredentialsException: Status: 401
	at com.mojang.authlib.exceptions.MinecraftClientHttpException.toAuthenticationException(MinecraftClientHttpException.java:70)
	at com.mojang.authlib.yggdrasil.YggdrasilUserApiService.fetchProperties(YggdrasilUserApiService.java:173)
	at net.minecraft.client.Minecraft.lambda$new$1(Minecraft.java:438)
	at java.base/java.util.concurrent.CompletableFuture$AsyncSupply.run(CompletableFuture.java:1789)
	at java.base/java.util.concurrent.ThreadPoolExecutor.runWorker(ThreadPoolExecutor.java:1090)
	at java.base/java.util.concurrent.ThreadPoolExecutor$Worker.run(ThreadPoolExecutor.java:614)
	at java.base/java.lang.Thread.run(Thread.java:1474)
Caused by: MinecraftClientHttpException[type=HTTP_ERROR, status=401, response=ErrorResponse[path=/player/attributes, error=null, errorMessage=null, details=null]]
	at com.mojang.authlib.minecraft.client.MinecraftClient.buildHttpException(MinecraftClient.java:170)
	at com.mojang.authlib.minecraft.client.MinecraftClient.readServiceResponse(MinecraftClient.java:147)
	at com.mojang.authlib.minecraft.client.MinecraftClient.getWithEtag(MinecraftClient.java:81)
	at com.mojang.authlib.minecraft.client.MinecraftClient.get(MinecraftClient.java:65)
	at com.mojang.authlib.yggdrasil.YggdrasilUserApiService.fetchProperties(YggdrasilUserApiService.java:123)
	... 5 more
[09:47:40] [Render thread/INFO]: Using graphics backend OpenGL, using drivers: 3.3.0 - Build 31.0.101.2141
[09:47:40] [Render thread/INFO]: Using graphics device: Intel(R) UHD Graphics (Intel)
[09:47:40] [Render thread/INFO]: Using graphics device extensions: GL_ARB_multi_draw_indirect, GL_ARB_buffer_storage, GL_ARB_shader_draw_parameters, GL_ARB_base_instance, GL_KHR_debug, GL_ARB_draw_indirect, GL_ARB_clip_control, GL_ARB_vertex_attrib_binding, GL_ARB_direct_state_access, GL_EXT_texture_filter_anisotropic
[09:47:40] [Render thread/ERROR]: Couldn't set icon
java.io.FileNotFoundException: icons/icon_16x16.png
	at com.mojang.blaze3d.platform.IconSet.getFile(IconSet.java:41)
	at com.mojang.blaze3d.platform.IconSet.getStandardIcons(IconSet.java:25)
	at com.mojang.blaze3d.platform.Window.setIcon(Window.java:197)
	at net.minecraft.client.Minecraft.<init>(Minecraft.java:569)
	at net.minecraft.client.main.Main.main(Main.java:278)
	at java.base/jdk.internal.reflect.DirectMethodHandleAccessor.invoke(DirectMethodHandleAccessor.java:104)
	at java.base/java.lang.reflect.Method.invoke(Method.java:565)
	at net.copper.CopperLauncher.main(CopperLauncher.java:67)
[09:47:45] [Download-2/INFO]: Could not authorize you against Realms server: java.lang.RuntimeException: Failed to parse into SignedJWT: 0
[09:47:45] [Download-2/ERROR]: Failed to fetch Realms feature flags
com.mojang.realmsclient.exception.RealmsServiceException: Realms authentication error with message 'java.lang.RuntimeException: Failed to parse into SignedJWT: 0'
	at com.mojang.realmsclient.client.RealmsClient.execute(RealmsClient.java:528)
	at com.mojang.realmsclient.client.RealmsClient.fetchFeatureFlags(RealmsClient.java:187)
	at java.base/java.util.concurrent.CompletableFuture$AsyncSupply.run(CompletableFuture.java:1789)
	at java.base/java.util.concurrent.ThreadPoolExecutor.runWorker(ThreadPoolExecutor.java:1090)
	at java.base/java.util.concurrent.ThreadPoolExecutor$Worker.run(ThreadPoolExecutor.java:614)
	at java.base/java.lang.Thread.run(Thread.java:1474)
[09:47:46] [Render thread/INFO]: Reloading ResourceManager: vanilla
[09:48:27] [Render thread/WARN]: Missing sound for event: minecraft:entity.allay.ambient_with_item
[09:48:27] [Render thread/WARN]: Missing sound for event: minecraft:entity.allay.ambient_without_item
[09:48:27] [Render thread/WARN]: Missing sound for event: minecraft:entity.allay.death
[09:48:27] [Render thread/WARN]: Missing sound for event: minecraft:entity.allay.hurt
[09:48:27] [Render thread/WARN]: Missing sound for event: minecraft:entity.allay.item_given
[09:48:27] [Render thread/WARN]: Missing sound for event: minecraft:entity.allay.item_taken
[09:48:27] [Render thread/WARN]: Missing sound for event: minecraft:entity.allay.item_thrown
[09:48:27] [Render thread/WARN]: Missing sound for event: minecraft:ambient.cave
[09:48:27] [Render thread/WARN]: Missing sound for event: minecraft:ambient.basalt_deltas.additions
[09:48:27] [Render thread/WARN]: Missing sound for event: minecraft:ambient.basalt_deltas.loop
[09:48:27] [Render thread/WARN]: Missing sound for event: minecraft:ambient.basalt_deltas.mood
[09:48:27] [Render thread/WARN]: Missing sound for event: minecraft:ambient.crimson_forest.additions
[09:48:27] [Render thread/WARN]: Missing sound for event: minecraft:ambient.crimson_forest.loop
[09:48:27] [Render thread/WARN]: Missing sound for event: minecraft:ambient.crimson_forest.mood
[09:48:27] [Render thread/WARN]: Missing sound for event: minecraft:ambient.nether_wastes.additions
[09:48:27] [Render thread/WARN]: Missing sound for event: minecraft:ambient.nether_wastes.loop
[09:48:27] [Render thread/WARN]: Missing sound for event: minecraft:ambient.nether_wastes.mood
[09:48:27] [Render thread/WARN]: Missing sound for event: minecraft:ambient.soul_sand_valley.additions
[09:48:27] [Render thread/WARN]: Missing sound for event: minecraft:ambient.soul_sand_valley.loop
[09:48:27] [Render thread/WARN]: Missing sound for event: minecraft:ambient.soul_sand_valley.mood
[09:48:27] [Render thread/WARN]: Missing sound for event: minecraft:ambient.warped_forest.additions
[09:48:27] [Render thread/WARN]: Missing sound for event: minecraft:ambient.warped_forest.loop
[09:48:27] [Render thread/WARN]: Missing sound for event: minecraft:ambient.warped_forest.mood
[09:48:27] [Render thread/WARN]: Missing sound for event: minecraft:ambient.underwater.enter
[09:48:27] [Render thread/WARN]: Missing sound for event: minecraft:ambient.underwater.exit
[09:48:27] [Render thread/WARN]: Missing sound for event: minecraft:ambient.underwater.loop
[09:48:27] [Render thread/WARN]: Missing sound for event: minecraft:ambient.underwater.loop.additions
[09:48:27] [Render thread/WARN]: Missing sound for event: minecraft:ambient.underwater.loop.additions.rare
[09:48:27] [Render thread/WARN]: Missing sound for event: minecraft:ambient.underwater.loop.additions.ultra_rare
[09:48:27] [Render thread/WARN]: Missing sound for event: minecraft:block.amethyst_block.break
[09:48:27] [Render thread/WARN]: Missing sound for event: minecraft:block.amethyst_block.chime
[09:48:27] [Render thread/WARN]: Missing sound for event: minecraft:block.amethyst_block.fall
[09:48:27] [Render thread/WARN]: Missing sound for event: minecraft:block.amethyst_block.hit
[09:48:27] [Render thread/WARN]: Missing sound for event: minecraft:block.amethyst_block.place
[09:48:27] [Render thread/WARN]: Missing sound for event: minecraft:block.amethyst_block.resonate
[09:48:27] [Render thread/WARN]: Missing sound for event: minecraft:block.amethyst_block.step
[09:48:27] [Render thread/WARN]: Missing sound for event: minecraft:block.amethyst_cluster.break
[09:48:27] [Render thread/WARN]: Missing sound for event: minecraft:block.amethyst_cluster.fall
[09:48:27] [Render thread/WARN]: Missing sound for event: minecraft:block.amethyst_cluster.hit
[09:48:27] [Render thread/WARN]: Missing sound for event: minecraft:block.amethyst_cluster.place
[09:48:27] [Render thread/WARN]: Missing sound for event: minecraft:block.amethyst_cluster.step
[09:48:27] [Render thread/WARN]: Missing sound for event: minecraft:block.ancient_debris.break
[09:48:27] [Render thread/WARN]: Missing sound for event: minecraft:block.ancient_debris.step
[09:48:27] [Render thread/WARN]: Missing sound for event: minecraft:block.ancient_debris.place
[09:48:27] [Render thread/WARN]: Missing sound for event: minecraft:block.ancient_debris.hit
[09:48:27] [Render thread/WARN]: Missing sound for event: minecraft:block.ancient_debris.fall
[09:48:27] [Render thread/WARN]: Missing sound for event: minecraft:block.anvil.break
[09:48:27] [Render thread/WARN]: Missing sound for event: minecraft:block.anvil.destroy
[09:48:27] [Render thread/WARN]: Missing sound for event: minecraft:block.anvil.fall
[09:48:27] [Render thread/WARN]: Missing sound for event: minecraft:block.anvil.hit
[09:48:27] [Render thread/WARN]: Missing sound for event: minecraft:block.anvil.land
[09:48:27] [Render thread/WARN]: Missing sound for event: minecraft:block.anvil.place
[09:48:27] [Render thread/WARN]: Missing sound for event: minecraft:block.anvil.step
[09:48:27] [Render thread/WARN]: Missing sound for event: minecraft:block.anvil.use
[09:48:27] [Render thread/WARN]: Missing sound for event: minecraft:entity.armadillo.eat
[09:48:27] [Render thread/WARN]: Missing sound for event: minecraft:entity.armadillo.hurt
[09:48:27] [Render thread/WARN]: Missing sound for event: minecraft:entity.armadillo.hurt_reduced
[09:48:27] [Render thread/WARN]: Missing sound for event: minecraft:entity.armadillo.ambient
[09:48:27] [Render thread/WARN]: Missing sound for event: minecraft:entity.armadillo.step
[09:48:27] [Render thread/WARN]: Missing sound for event: minecraft:entity.armadillo.death
[09:48:27] [Render thread/WARN]: Missing sound for event: minecraft:entity.armadillo.roll
[09:48:27] [Render thread/WARN]: Missing sound for event: minecraft:entity.armadillo.land
[09:48:27] [Render thread/WARN]: Missing sound for event: minecraft:entity.armadillo.scute_drop
[09:48:27] [Render thread/WARN]: Missing sound for event: minecraft:entity.armadillo.unroll_finish
[09:48:27] [Render thread/WARN]: Missing sound for event: minecraft:entity.armadillo.peek
[09:48:27] [Render thread/WARN]: Missing sound for event: minecraft:entity.armadillo.unroll_start
[09:48:27] [Render thread/WARN]: Missing sound for event: minecraft:entity.armadillo.brush
[09:48:27] [Render thread/WARN]: Missing sound for event: minecraft:item.armor.equip_chain
[09:48:27] [Render thread/WARN]: Missing sound for event: minecraft:item.armor.equip_diamond
[09:48:27] [Render thread/WARN]: Missing sound for event: minecraft:item.armor.equip_elytra
[09:48:27] [Render thread/WARN]: Missing sound for event: minecraft:item.armor.equip_generic
[09:48:27] [Render thread/WARN]: Missing sound for event: minecraft:item.armor.equip_gold
[09:48:27] [Render thread/WARN]: Missing sound for event: minecraft:item.armor.equip_iron
[09:48:27] [Render thread/WARN]: Missing sound for event: minecraft:item.armor.equip_leather
[09:48:27] [Render thread/WARN]: Missing sound for event: minecraft:item.armor.equip_copper
[09:48:27] [Render thread/WARN]: Missing sound for event: minecraft:item.armor.equip_netherite
[09:48:27] [Render thread/WARN]: Missing sound for event: minecraft:item.armor.equip_turtle
[09:48:27] [Render thread/WARN]: Missing sound for event: minecraft:item.armor.equip_wolf
[09:48:27] [Render thread/WARN]: Missing sound for event: minecraft:item.armor.unequip_wolf
[09:48:27] [Render thread/WARN]: Missing sound for event: minecraft:item.armor.equip_nautilus
[09:48:27] [Render thread/WARN]: Missing sound for event: minecraft:item.armor.unequip_nautilus
[09:48:27] [Render thread/WARN]: Missing sound for event: minecraft:entity.armor_stand.break
[09:48:27] [Render thread/WARN]: Missing sound for event: minecraft:entity.armor_stand.fall
[09:48:27] [Render thread/WARN]: Missing sound for event: minecraft:entity.armor_stand.hit
[09:48:27] [Render thread/WARN]: Missing sound for event: minecraft:entity.armor_stand.place
[09:48:27] [Render thread/WARN]: Missing sound for event: minecraft:entity.arrow.hit
[09:48:27] [Render thread/WARN]: Missing sound for event: minecraft:entity.arrow.hit_player
[09:48:27] [Render thread/WARN]: Missing sound for event: minecraft:entity.arrow.shoot
[09:48:27] [Render thread/WARN]: Missing sound for event: minecraft:item.axe.strip
[09:48:27] [Render thread/WARN]: Missing sound for event: minecraft:item.axe.scrape
[09:48:27] [Render thread/WARN]: Missing sound for event: minecraft:item.axe.wax_off
[09:48:27] [Render thread/WARN]: Missing sound for event: minecraft:entity.axolotl.attack
[09:48:27] [Render thread/WARN]: Missing sound for event: minecraft:entity.axolotl.death
[09:48:27] [Render thread/WARN]: Missing sound for event: minecraft:entity.axolotl.hurt
[09:48:27] [Render thread/WARN]: Missing sound for event: minecraft:entity.axolotl.idle_air
[09:48:27] [Render thread/WARN]: Missing sound for event: minecraft:entity.axolotl.idle_water
[09:48:27] [Render thread/WARN]: Missing sound for event: minecraft:entity.axolotl.splash
[09:48:27] [Render thread/WARN]: Missing sound for event: minecraft:entity.axolotl.swim
[09:48:27] [Render thread/WARN]: Missing sound for event: minecraft:block.azalea.break
[09:48:27] [Render thread/WARN]: Missing sound for event: minecraft:block.azalea.fall
[09:48:27] [Render thread/WARN]: Missing sound for event: minecraft:block.azalea.hit
[09:48:27] [Render thread/WARN]: Missing sound for event: minecraft:block.azalea.place
[09:48:27] [Render thread/WARN]: Missing sound for event: minecraft:block.azalea.step
[09:48:27] [Render thread/WARN]: Missing sound for event: minecraft:block.azalea_leaves.break
[09:48:27] [Render thread/WARN]: Missing sound for event: minecraft:block.azalea_leaves.fall
[09:48:27] [Render thread/WARN]: Missing sound for event: minecraft:block.azalea_leaves.hit
[09:48:27] [Render thread/WARN]: Missing sound for event: minecraft:block.azalea_leaves.place
[09:48:27] [Render thread/WARN]: Missing sound for event: minecraft:block.azalea_leaves.step
[09:48:27] [Render thread/WARN]: Missing sound for event: minecraft:entity.baby_nautilus.ambient
[09:48:27] [Render thread/WARN]: Missing sound for event: minecraft:entity.baby_nautilus.ambient_land
[09:48:27] [Render thread/WARN]: Missing sound for event: minecraft:entity.baby_nautilus.death
[09:48:27] [Render thread/WARN]: Missing sound for event: minecraft:entity.baby_nautilus.death_land
[09:48:27] [Render thread/WARN]: Missing sound for event: minecraft:entity.baby_nautilus.eat
[09:48:27] [Render thread/WARN]: Missing sound for event: minecraft:entity.baby_nautilus.hurt
[09:48:27] [Render thread/WARN]: Missing sound for event: minecraft:entity.baby_nautilus.hurt_land
[09:48:27] [Render thread/WARN]: Missing sound for event: minecraft:entity.nautilus.riding
[09:48:27] [Render thread/WARN]: Missing sound for event: minecraft:entity.baby_nautilus.swim
[09:48:27] [Render thread/WARN]: Missing sound for event: minecraft:block.bamboo.break
[09:48:27] [Render thread/WARN]: Missing sound for event: minecraft:block.bamboo.fall
[09:48:27] [Render thread/WARN]: Missing sound for event: minecraft:block.bamboo.hit
[09:48:27] [Render thread/WARN]: Missing sound for event: minecraft:block.bamboo.place
[09:48:27] [Render thread/WARN]: Missing sound for event: minecraft:block.bamboo.step
[09:48:27] [Render thread/WARN]: Missing sound for event: minecraft:block.bamboo_sapling.break
[09:48:27] [Render thread/WARN]: Missing sound for event: minecraft:block.bamboo_sapling.hit
[09:48:27] [Render thread/WARN]: Missing sound for event: minecraft:block.bamboo_sapling.place
[09:48:27] [Render thread/WARN]: Missing sound for event: minecraft:block.bamboo_wood.break
[09:48:27] [Render thread/WARN]: Missing sound for event: minecraft:block.bamboo_wood.fall
[09:48:27] [Render thread/WARN]: Missing sound for event: minecraft:block.bamboo_wood.hit
[09:48:27] [Render thread/WARN]: Missing sound for event: minecraft:block.bamboo_wood.place
[09:48:27] [Render thread/WARN]: Missing sound for event: minecraft:block.bamboo_wood.step
[09:48:27] [Render thread/WARN]: Missing sound for event: minecraft:block.bamboo_wood_door.close
[09:48:27] [Render thread/WARN]: Missing sound for event: minecraft:block.bamboo_wood_door.open
[09:48:27] [Render thread/WARN]: Missing sound for event: minecraft:block.bamboo_wood_trapdoor.close
[09:48:27] [Render thread/WARN]: Missing sound for event: minecraft:block.bamboo_wood_trapdoor.open
[09:48:27] [Render thread/WARN]: Missing sound for event: minecraft:block.bamboo_wood_button.click_off
[09:48:27] [Render thread/WARN]: Missing sound for event: minecraft:block.bamboo_wood_button.click_on
[09:48:27] [Render thread/WARN]: Missing sound for event: minecraft:block.bamboo_wood_pressure_plate.click_off
[09:48:27] [Render thread/WARN]: Missing sound for event: minecraft:block.bamboo_wood_pressure_plate.click_on
[09:48:27] [Render thread/WARN]: Missing sound for event: minecraft:block.bamboo_wood_fence_gate.close
[09:48:27] [Render thread/WARN]: Missing sound for event: minecraft:block.bamboo_wood_fence_gate.open
[09:48:27] [Render thread/WARN]: Missing sound for event: minecraft:block.barrel.close
[09:48:27] [Render thread/WARN]: Missing sound for event: minecraft:block.barrel.open
[09:48:27] [Render thread/WARN]: Missing sound for event: minecraft:block.basalt.break
[09:48:27] [Render thread/WARN]: Missing sound for event: minecraft:block.basalt.step
[09:48:27] [Render thread/WARN]: Missing sound for event: minecraft:block.basalt.place
[09:48:27] [Render thread/WARN]: Missing sound for event: minecraft:block.basalt.hit
[09:48:27] [Render thread/WARN]: Missing sound for event: minecraft:block.basalt.fall
[09:48:27] [Render thread/WARN]: Missing sound for event: minecraft:entity.bat.ambient
[09:48:27] [Render thread/WARN]: Missing sound for event: minecraft:entity.bat.death
[09:48:27] [Render thread/WARN]: Missing sound for event: minecraft:entity.bat.hurt
[09:48:27] [Render thread/WARN]: Missing sound for event: minecraft:entity.bat.loop
[09:48:27] [Render thread/WARN]: Missing sound for event: minecraft:entity.bat.takeoff
[09:48:27] [Render thread/WARN]: Missing sound for event: minecraft:block.beacon.activate
[09:48:27] [Render thread/WARN]: Missing sound for event: minecraft:block.beacon.ambient
[09:48:27] [Render thread/WARN]: Missing sound for event: minecraft:block.beacon.deactivate
[09:48:27] [Render thread/WARN]: Missing sound for event: minecraft:block.beacon.power_select
[09:48:27] [Render thread/WARN]: Missing sound for event: minecraft:entity.bee.death
[09:48:27] [Render thread/WARN]: Missing sound for event: minecraft:entity.bee.hurt
[09:48:27] [Render thread/WARN]: Missing sound for event: minecraft:entity.bee.loop_aggressive
[09:48:27] [Render thread/WARN]: Missing sound for event: minecraft:entity.bee.loop
[09:48:27] [Render thread/WARN]: Missing sound for event: minecraft:entity.bee.sting
[09:48:27] [Render thread/WARN]: Missing sound for event: minecraft:entity.bee.pollinate
[09:48:27] [Render thread/WARN]: Missing sound for event: minecraft:block.beehive.drip
[09:48:27] [Render thread/WARN]: Missing sound for event: minecraft:block.beehive.enter
[09:48:27] [Render thread/WARN]: Missing sound for event: minecraft:block.beehive.exit
[09:48:27] [Render thread/WARN]: Missing sound for event: minecraft:block.beehive.shear
[09:48:27] [Render thread/WARN]: Missing sound for event: minecraft:block.beehive.work
[09:48:27] [Render thread/WARN]: Missing sound for event: minecraft:block.bell.use
[09:48:27] [Render thread/WARN]: Missing sound for event: minecraft:block.bell.resonate
[09:48:27] [Render thread/WARN]: Missing sound for event: minecraft:block.big_dripleaf.break
[09:48:27] [Render thread/WARN]: Missing sound for event: minecraft:block.big_dripleaf.fall
[09:48:27] [Render thread/WARN]: Missing sound for event: minecraft:block.big_dripleaf.hit
[09:48:27] [Render thread/WARN]: Missing sound for event: minecraft:block.big_dripleaf.place
[09:48:27] [Render thread/WARN]: Missing sound for event: minecraft:block.big_dripleaf.step
[09:48:27] [Render thread/WARN]: Missing sound for event: minecraft:entity.blaze.ambient
[09:48:27] [Render thread/WARN]: Missing sound for event: minecraft:entity.blaze.burn
[09:48:27] [Render thread/WARN]: Missing sound for event: minecraft:entity.blaze.death
[09:48:27] [Render thread/WARN]: Missing sound for event: minecraft:entity.blaze.hurt
[09:48:27] [Render thread/WARN]: Missing sound for event: minecraft:entity.blaze.shoot
[09:48:27] [Render thread/WARN]: Missing sound for event: minecraft:entity.boat.paddle_land
[09:48:27] [Render thread/WARN]: Missing sound for event: minecraft:entity.boat.paddle_water
[09:48:27] [Render thread/WARN]: Missing sound for event: minecraft:entity.bogged.ambient
[09:48:27] [Render thread/WARN]: Missing sound for event: minecraft:entity.bogged.death
[09:48:27] [Render thread/WARN]: Missing sound for event: minecraft:entity.bogged.hurt
[09:48:27] [Render thread/WARN]: Missing sound for event: minecraft:entity.bogged.shear
[09:48:27] [Render thread/WARN]: Missing sound for event: minecraft:entity.bogged.step
[09:48:27] [Render thread/WARN]: Missing sound for event: minecraft:block.bone_block.break
[09:48:27] [Render thread/WARN]: Missing sound for event: minecraft:block.bone_block.fall
[09:48:27] [Render thread/WARN]: Missing sound for event: minecraft:block.bone_block.hit
[09:48:27] [Render thread/WARN]: Missing sound for event: minecraft:block.bone_block.place
[09:48:27] [Render thread/WARN]: Missing sound for event: minecraft:block.bone_block.step
[09:48:27] [Render thread/WARN]: Missing sound for event: minecraft:item.bone_meal.use
[09:48:27] [Render thread/WARN]: Missing sound for event: minecraft:item.book.page_turn
[09:48:27] [Render thread/WARN]: Missing sound for event: minecraft:item.book.put
[09:48:27] [Render thread/WARN]: Missing sound for event: minecraft:block.blastfurnace.fire_crackle
[09:48:27] [Render thread/WARN]: Missing sound for event: minecraft:item.bottle.empty
[09:48:27] [Render thread/WARN]: Missing sound for event: minecraft:item.bottle.fill
[09:48:27] [Render thread/WARN]: Missing sound for event: minecraft:item.bottle.fill_dragonbreath
[09:48:27] [Render thread/WARN]: Missing sound for event: minecraft:entity.breeze.charge
[09:48:27] [Render thread/WARN]: Missing sound for event: minecraft:entity.breeze.deflect
[09:48:27] [Render thread/WARN]: Missing sound for event: minecraft:entity.breeze.inhale
[09:48:27] [Render thread/WARN]: Missing sound for event: minecraft:entity.breeze.idle_ground
[09:48:27] [Render thread/WARN]: Missing sound for event: minecraft:entity.breeze.idle_air
[09:48:27] [Render thread/WARN]: Missing sound for event: minecraft:entity.breeze.shoot
[09:48:27] [Render thread/WARN]: Missing sound for event: minecraft:entity.breeze.jump
[09:48:27] [Render thread/WARN]: Missing sound for event: minecraft:entity.breeze.land
[09:48:27] [Render thread/WARN]: Missing sound for event: minecraft:entity.breeze.slide
[09:48:27] [Render thread/WARN]: Missing sound for event: minecraft:entity.breeze.death
[09:48:27] [Render thread/WARN]: Missing sound for event: minecraft:entity.breeze.hurt
[09:48:27] [Render thread/WARN]: Missing sound for event: minecraft:entity.breeze.whirl
[09:48:27] [Render thread/WARN]: Missing sound for event: minecraft:entity.breeze.wind_burst
[09:48:27] [Render thread/WARN]: Missing sound for event: minecraft:block.brewing_stand.brew
[09:48:27] [Render thread/WARN]: Missing sound for event: minecraft:item.brush.brushing.generic
[09:48:27] [Render thread/WARN]: Missing sound for event: minecraft:item.brush.brushing.sand
[09:48:27] [Render thread/WARN]: Missing sound for event: minecraft:item.brush.brushing.gravel
[09:48:27] [Render thread/WARN]: Missing sound for event: minecraft:item.brush.brushing.sand.complete
[09:48:27] [Render thread/WARN]: Missing sound for event: minecraft:item.brush.brushing.gravel.complete
[09:48:27] [Render thread/WARN]: Missing sound for event: minecraft:block.bubble_column.bubble_pop
[09:48:27] [Render thread/WARN]: Missing sound for event: minecraft:block.bubble_column.upwards_ambient
[09:48:27] [Render thread/WARN]: Missing sound for event: minecraft:block.bubble_column.upwards_inside
[09:48:27] [Render thread/WARN]: Missing sound for event: minecraft:block.bubble_column.whirlpool_ambient
[09:48:27] [Render thread/WARN]: Missing sound for event: minecraft:block.bubble_column.whirlpool_inside
[09:48:27] [Render thread/WARN]: Missing sound for event: minecraft:ui.hud.bubble_pop
[09:48:27] [Render thread/WARN]: Missing sound for event: minecraft:item.bucket.empty
[09:48:27] [Render thread/WARN]: Missing sound for event: minecraft:item.bucket.empty_axolotl
[09:48:27] [Render thread/WARN]: Missing sound for event: minecraft:item.bucket.empty_fish
[09:48:27] [Render thread/WARN]: Missing sound for event: minecraft:item.bucket.empty_lava
[09:48:27] [Render thread/WARN]: Missing sound for event: minecraft:item.bucket.empty_powder_snow
[09:48:27] [Render thread/WARN]: Missing sound for event: minecraft:item.bucket.empty_sulfur_cube
[09:48:27] [Render thread/WARN]: Missing sound for event: minecraft:item.bucket.empty_tadpole
[09:48:27] [Render thread/WARN]: Missing sound for event: minecraft:item.bucket.fill
[09:48:27] [Render thread/WARN]: Missing sound for event: minecraft:item.bucket.fill_axolotl
[09:48:27] [Render thread/WARN]: Missing sound for event: minecraft:item.bucket.fill_fish
[09:48:27] [Render thread/WARN]: Missing sound for event: minecraft:item.bucket.fill_lava
[09:48:27] [Render thread/WARN]: Missing sound for event: minecraft:item.bucket.fill_powder_snow
[09:48:27] [Render thread/WARN]: Missing sound for event: minecraft:item.bucket.fill_sulfur_cube
[09:48:27] [Render thread/WARN]: Missing sound for event: minecraft:item.bucket.fill_tadpole
[09:48:27] [Render thread/WARN]: Missing sound for event: minecraft:item.bundle.drop_contents
[09:48:27] [Render thread/WARN]: Missing sound for event: minecraft:item.bundle.insert
[09:48:27] [Render thread/WARN]: Missing sound for event: minecraft:item.bundle.insert_fail
[09:48:27] [Render thread/WARN]: Missing sound for event: minecraft:item.bundle.remove_one
[09:48:27] [Render thread/WARN]: Missing sound for event: minecraft:block.cactus_flower.break
[09:48:27] [Render thread/WARN]: Missing sound for event: minecraft:block.cactus_flower.place
[09:48:27] [Render thread/WARN]: Missing sound for event: minecraft:block.cake.add_candle
[09:48:27] [Render thread/WARN]: Missing sound for event: minecraft:block.calcite.break
[09:48:27] [Render thread/WARN]: Missing sound for event: minecraft:block.calcite.step
[09:48:27] [Render thread/WARN]: Missing sound for event: minecraft:block.calcite.place
[09:48:27] [Render thread/WARN]: Missing sound for event: minecraft:block.calcite.hit
[09:48:27] [Render thread/WARN]: Missing sound for event: minecraft:block.calcite.fall
[09:48:27] [Render thread/WARN]: Missing sound for event: minecraft:entity.camel_husk.ambient
[09:48:27] [Render thread/WARN]: Missing sound for event: minecraft:entity.camel_husk.dash
[09:48:27] [Render thread/WARN]: Missing sound for event: minecraft:entity.camel_husk.dash_ready
[09:48:27] [Render thread/WARN]: Missing sound for event: minecraft:entity.camel_husk.death
[09:48:27] [Render thread/WARN]: Missing sound for event: minecraft:entity.camel_husk.eat
[09:48:27] [Render thread/WARN]: Missing sound for event: minecraft:entity.camel_husk.hurt
[09:48:27] [Render thread/WARN]: Missing sound for event: minecraft:entity.camel_husk.saddle
[09:48:27] [Render thread/WARN]: Missing sound for event: minecraft:entity.camel_husk.sit
[09:48:27] [Render thread/WARN]: Missing sound for event: minecraft:entity.camel_husk.stand
[09:48:27] [Render thread/WARN]: Missing sound for event: minecraft:entity.camel_husk.step
[09:48:27] [Render thread/WARN]: Missing sound for event: minecraft:entity.camel_husk.step_sand
[09:48:27] [Render thread/WARN]: Missing sound for event: minecraft:entity.camel.ambient
[09:48:27] [Render thread/WARN]: Missing sound for event: minecraft:entity.camel.dash
[09:48:27] [Render thread/WARN]: Missing sound for event: minecraft:entity.camel.dash_ready
[09:48:27] [Render thread/WARN]: Missing sound for event: minecraft:entity.camel.death
[09:48:27] [Render thread/WARN]: Missing sound for event: minecraft:entity.camel.eat
[09:48:27] [Render thread/WARN]: Missing sound for event: minecraft:entity.camel.hurt
[09:48:27] [Render thread/WARN]: Missing sound for event: minecraft:entity.camel.saddle
[09:48:27] [Render thread/WARN]: Missing sound for event: minecraft:entity.camel.sit
[09:48:27] [Render thread/WARN]: Missing sound for event: minecraft:entity.camel.stand
[09:48:27] [Render thread/WARN]: Missing sound for event: minecraft:entity.camel.step
[09:48:27] [Render thread/WARN]: Missing sound for event: minecraft:entity.camel.step_sand
[09:48:27] [Render thread/WARN]: Missing sound for event: minecraft:block.campfire.crackle
[09:48:27] [Render thread/WARN]: Missing sound for event: minecraft:block.candle.ambient
[09:48:27] [Render thread/WARN]: Missing sound for event: minecraft:block.candle.break
[09:48:27] [Render thread/WARN]: Missing sound for event: minecraft:block.candle.extinguish
[09:48:27] [Render thread/WARN]: Missing sound for event: minecraft:block.candle.fall
[09:48:27] [Render thread/WARN]: Missing sound for event: minecraft:block.candle.hit
[09:48:27] [Render thread/WARN]: Missing sound for event: minecraft:block.candle.place
[09:48:27] [Render thread/WARN]: Missing sound for event: minecraft:block.candle.step
[09:48:27] [Render thread/WARN]: Missing sound for event: minecraft:entity.baby_cat.ambient
[09:48:27] [Render thread/WARN]: Missing sound for event: minecraft:entity.baby_cat.stray_ambient
[09:48:27] [Render thread/WARN]: Missing sound for event: minecraft:entity.baby_cat.death
[09:48:27] [Render thread/WARN]: Missing sound for event: minecraft:entity.baby_cat.eat
[09:48:27] [Render thread/WARN]: Missing sound for event: minecraft:entity.baby_cat.hiss
[09:48:27] [Render thread/WARN]: Missing sound for event: minecraft:entity.baby_cat.beg_for_food
[09:48:27] [Render thread/WARN]: Missing sound for event: minecraft:entity.baby_cat.hurt
[09:48:27] [Render thread/WARN]: Missing sound for event: minecraft:entity.baby_cat.purr
[09:48:27] [Render thread/WARN]: Missing sound for event: minecraft:entity.baby_cat.purreow
[09:48:27] [Render thread/WARN]: Missing sound for event: minecraft:entity.cat.ambient
[09:48:27] [Render thread/WARN]: Missing sound for event: minecraft:entity.cat.stray_ambient
[09:48:27] [Render thread/WARN]: Missing sound for event: minecraft:entity.cat.hiss
[09:48:27] [Render thread/WARN]: Missing sound for event: minecraft:entity.cat.hurt
[09:48:27] [Render thread/WARN]: Missing sound for event: minecraft:entity.cat.death
[09:48:27] [Render thread/WARN]: Missing sound for event: minecraft:entity.cat.eat
[09:48:27] [Render thread/WARN]: Missing sound for event: minecraft:entity.cat.beg_for_food
[09:48:27] [Render thread/WARN]: Missing sound for event: minecraft:entity.cat.purr
[09:48:27] [Render thread/WARN]: Missing sound for event: minecraft:entity.cat.purreow
[09:48:27] [Render thread/WARN]: Missing sound for event: minecraft:entity.cat_royal.ambient
[09:48:27] [Render thread/WARN]: Missing sound for event: minecraft:entity.cat_royal.stray_ambient
[09:48:27] [Render thread/WARN]: Missing sound for event: minecraft:entity.cat_royal.hiss
[09:48:27] [Render thread/WARN]: Missing sound for event: minecraft:entity.cat_royal.hurt
[09:48:27] [Render thread/WARN]: Missing sound for event: minecraft:entity.cat_royal.death
[09:48:27] [Render thread/WARN]: Missing sound for event: minecraft:entity.cat_royal.eat
[09:48:27] [Render thread/WARN]: Missing sound for event: minecraft:entity.cat_royal.beg_for_food
[09:48:27] [Render thread/WARN]: Missing sound for event: minecraft:entity.cat_royal.purr
[09:48:27] [Render thread/WARN]: Missing sound for event: minecraft:entity.cat_royal.purreow
[09:48:27] [Render thread/WARN]: Missing sound for event: minecraft:block.cave_vines.break
[09:48:27] [Render thread/WARN]: Missing sound for event: minecraft:block.cave_vines.fall
[09:48:27] [Render thread/WARN]: Missing sound for event: minecraft:block.cave_vines.hit
[09:48:27] [Render thread/WARN]: Missing sound for event: minecraft:block.cave_vines.place
[09:48:27] [Render thread/WARN]: Missing sound for event: minecraft:block.cave_vines.step
[09:48:27] [Render thread/WARN]: Missing sound for event: minecraft:block.cave_vines.pick_berries
[09:48:27] [Render thread/WARN]: Missing sound for event: minecraft:block.chain.break
[09:48:27] [Render thread/WARN]: Missing sound for event: minecraft:block.chain.fall
[09:48:28] [Render thread/WARN]: Missing sound for event: minecraft:block.chain.hit
[09:48:28] [Render thread/WARN]: Missing sound for event: minecraft:block.chain.place
[09:48:28] [Render thread/WARN]: Missing sound for event: minecraft:block.chain.step
[09:48:28] [Render thread/WARN]: Missing sound for event: minecraft:block.cherry_wood.break
[09:48:28] [Render thread/WARN]: Missing sound for event: minecraft:block.cherry_wood.fall
[09:48:28] [Render thread/WARN]: Missing sound for event: minecraft:block.cherry_wood.hit
[09:48:28] [Render thread/WARN]: Missing sound for event: minecraft:block.cherry_wood.place
[09:48:28] [Render thread/WARN]: Missing sound for event: minecraft:block.cherry_wood.step
[09:48:28] [Render thread/WARN]: Missing sound for event: minecraft:block.cherry_sapling.break
[09:48:28] [Render thread/WARN]: Missing sound for event: minecraft:block.cherry_sapling.fall
[09:48:28] [Render thread/WARN]: Missing sound for event: minecraft:block.cherry_sapling.hit
[09:48:28] [Render thread/WARN]: Missing sound for event: minecraft:block.cherry_sapling.place
[09:48:28] [Render thread/WARN]: Missing sound for event: minecraft:block.cherry_sapling.step
[09:48:28] [Render thread/WARN]: Missing sound for event: minecraft:block.cherry_leaves.break
[09:48:28] [Render thread/WARN]: Missing sound for event: minecraft:block.cherry_leaves.fall
[09:48:28] [Render thread/WARN]: Missing sound for event: minecraft:block.cherry_leaves.hit
[09:48:28] [Render thread/WARN]: Missing sound for event: minecraft:block.cherry_leaves.place
[09:48:28] [Render thread/WARN]: Missing sound for event: minecraft:block.cherry_leaves.step
[09:48:28] [Render thread/WARN]: Missing sound for event: minecraft:block.cherry_wood_hanging_sign.step
[09:48:28] [Render thread/WARN]: Missing sound for event: minecraft:block.cherry_wood_hanging_sign.break
[09:48:28] [Render thread/WARN]: Missing sound for event: minecraft:block.cherry_wood_hanging_sign.fall
[09:48:28] [Render thread/WARN]: Missing sound for event: minecraft:block.cherry_wood_hanging_sign.hit
[09:48:28] [Render thread/WARN]: Missing sound for event: minecraft:block.cherry_wood_hanging_sign.place
[09:48:28] [Render thread/WARN]: Missing sound for event: minecraft:block.cherry_wood_door.close
[09:48:28] [Render thread/WARN]: Missing sound for event: minecraft:block.cherry_wood_door.open
[09:48:28] [Render thread/WARN]: Missing sound for event: minecraft:block.cherry_wood_trapdoor.close
[09:48:28] [Render thread/WARN]: Missing sound for event: minecraft:block.cherry_wood_trapdoor.open
[09:48:28] [Render thread/WARN]: Missing sound for event: minecraft:block.cherry_wood_button.click_off
[09:48:28] [Render thread/WARN]: Missing sound for event: minecraft:block.cherry_wood_button.click_on
[09:48:28] [Render thread/WARN]: Missing sound for event: minecraft:block.cherry_wood_pressure_plate.click_off
[09:48:28] [Render thread/WARN]: Missing sound for event: minecraft:block.cherry_wood_pressure_plate.click_on
[09:48:28] [Render thread/WARN]: Missing sound for event: minecraft:block.cherry_wood_fence_gate.close
[09:48:28] [Render thread/WARN]: Missing sound for event: minecraft:block.cherry_wood_fence_gate.open
[09:48:28] [Render thread/WARN]: Missing sound for event: minecraft:block.chest.close
[09:48:28] [Render thread/WARN]: Missing sound for event: minecraft:block.chest.locked
[09:48:28] [Render thread/WARN]: Missing sound for event: minecraft:block.chest.open
[09:48:28] [Render thread/WARN]: Missing sound for event: minecraft:entity.baby_chicken.ambient
[09:48:28] [Render thread/WARN]: Missing sound for event: minecraft:entity.baby_chicken.death
[09:48:28] [Render thread/WARN]: Missing sound for event: minecraft:entity.chicken.egg
[09:48:28] [Render thread/WARN]: Missing sound for event: minecraft:entity.baby_chicken.hurt
[09:48:28] [Render thread/WARN]: Missing sound for event: minecraft:entity.chicken.step
[09:48:28] [Render thread/WARN]: Missing sound for event: minecraft:entity.baby_chicken.step
[09:48:28] [Render thread/WARN]: Missing sound for event: minecraft:entity.chicken.ambient
[09:48:28] [Render thread/WARN]: Missing sound for event: minecraft:entity.chicken.hurt
[09:48:28] [Render thread/WARN]: Missing sound for event: minecraft:entity.chicken.death
[09:48:28] [Render thread/WARN]: Missing sound for event: minecraft:entity.chicken_picky.ambient
[09:48:28] [Render thread/WARN]: Missing sound for event: minecraft:entity.chicken_picky.hurt
[09:48:28] [Render thread/WARN]: Missing sound for event: minecraft:entity.chicken_picky.death
[09:48:28] [Render thread/WARN]: Missing sound for event: minecraft:block.chiseled_bookshelf.break
[09:48:28] [Render thread/WARN]: Missing sound for event: minecraft:block.chiseled_bookshelf.fall
[09:48:28] [Render thread/WARN]: Missing sound for event: minecraft:block.chiseled_bookshelf.hit
[09:48:28] [Render thread/WARN]: Missing sound for event: minecraft:block.chiseled_bookshelf.insert
[09:48:28] [Render thread/WARN]: Missing sound for event: minecraft:block.chiseled_bookshelf.insert.enchanted
[09:48:28] [Render thread/WARN]: Missing sound for event: minecraft:block.chiseled_bookshelf.step
[09:48:28] [Render thread/WARN]: Missing sound for event: minecraft:block.chiseled_bookshelf.pickup
[09:48:28] [Render thread/WARN]: Missing sound for event: minecraft:block.chiseled_bookshelf.pickup.enchanted
[09:48:28] [Render thread/WARN]: Missing sound for event: minecraft:block.chiseled_bookshelf.place
[09:48:28] [Render thread/WARN]: Missing sound for event: minecraft:block.chorus_flower.death
[09:48:28] [Render thread/WARN]: Missing sound for event: minecraft:block.chorus_flower.grow
[09:48:28] [Render thread/WARN]: Missing sound for event: minecraft:item.chorus_fruit.teleport
[09:48:28] [Render thread/WARN]: Missing sound for event: minecraft:block.cobweb.break
[09:48:28] [Render thread/WARN]: Missing sound for event: minecraft:block.cobweb.step
[09:48:28] [Render thread/WARN]: Missing sound for event: minecraft:block.cobweb.place
[09:48:28] [Render thread/WARN]: Missing sound for event: minecraft:block.cobweb.hit
[09:48:28] [Render thread/WARN]: Missing sound for event: minecraft:block.cobweb.fall
[09:48:28] [Render thread/WARN]: Missing sound for event: minecraft:entity.cod.ambient
[09:48:28] [Render thread/WARN]: Missing sound for event: minecraft:entity.cod.death
[09:48:28] [Render thread/WARN]: Missing sound for event: minecraft:entity.cod.flop
[09:48:28] [Render thread/WARN]: Missing sound for event: minecraft:entity.cod.hurt
[09:48:28] [Render thread/WARN]: Missing sound for event: minecraft:block.comparator.click
[09:48:28] [Render thread/WARN]: Missing sound for event: minecraft:block.composter.empty
[09:48:28] [Render thread/WARN]: Missing sound for event: minecraft:block.composter.fill
[09:48:28] [Render thread/WARN]: Missing sound for event: minecraft:block.composter.fill_success
[09:48:28] [Render thread/WARN]: Missing sound for event: minecraft:block.composter.ready
[09:48:28] [Render thread/WARN]: Missing sound for event: minecraft:block.conduit.activate
[09:48:28] [Render thread/WARN]: Missing sound for event: minecraft:block.conduit.ambient
[09:48:28] [Render thread/WARN]: Missing sound for event: minecraft:block.conduit.ambient.short
[09:48:28] [Render thread/WARN]: Missing sound for event: minecraft:block.conduit.attack.target
[09:48:28] [Render thread/WARN]: Missing sound for event: minecraft:block.conduit.deactivate
[09:48:28] [Render thread/WARN]: Missing sound for event: minecraft:block.copper_bulb.break
[09:48:28] [Render thread/WARN]: Missing sound for event: minecraft:block.copper_bulb.step
[09:48:28] [Render thread/WARN]: Missing sound for event: minecraft:block.copper_bulb.place
[09:48:28] [Render thread/WARN]: Missing sound for event: minecraft:block.copper_bulb.hit
[09:48:28] [Render thread/WARN]: Missing sound for event: minecraft:block.copper_bulb.fall
[09:48:28] [Render thread/WARN]: Missing sound for event: minecraft:block.copper_bulb.turn_on
[09:48:28] [Render thread/WARN]: Missing sound for event: minecraft:block.copper_bulb.turn_off
[09:48:28] [Render thread/WARN]: Missing sound for event: minecraft:block.copper.break
[09:48:28] [Render thread/WARN]: Missing sound for event: minecraft:block.copper.step
[09:48:28] [Render thread/WARN]: Missing sound for event: minecraft:block.copper.place
[09:48:28] [Render thread/WARN]: Missing sound for event: minecraft:block.copper.hit
[09:48:28] [Render thread/WARN]: Missing sound for event: minecraft:block.copper.fall
[09:48:28] [Render thread/WARN]: Missing sound for event: minecraft:block.copper_chest.close
[09:48:28] [Render thread/WARN]: Missing sound for event: minecraft:block.copper_chest.open
[09:48:28] [Render thread/WARN]: Missing sound for event: minecraft:block.copper_chest_weathered.close
[09:48:28] [Render thread/WARN]: Missing sound for event: minecraft:block.copper_chest_weathered.open
[09:48:28] [Render thread/WARN]: Missing sound for event: minecraft:block.copper_chest_oxidized.close
[09:48:28] [Render thread/WARN]: Missing sound for event: minecraft:block.copper_chest_oxidized.open
[09:48:28] [Render thread/WARN]: Missing sound for event: minecraft:block.copper_door.close
[09:48:28] [Render thread/WARN]: Missing sound for event: minecraft:block.copper_door.open
[09:48:28] [Render thread/WARN]: Missing sound for event: minecraft:entity.copper_golem.step
[09:48:28] [Render thread/WARN]: Missing sound for event: minecraft:entity.copper_golem.hurt
[09:48:28] [Render thread/WARN]: Missing sound for event: minecraft:entity.copper_golem.death
[09:48:28] [Render thread/WARN]: Missing sound for event: minecraft:entity.copper_golem_weathered.step
[09:48:28] [Render thread/WARN]: Missing sound for event: minecraft:entity.copper_golem_weathered.hurt
[09:48:28] [Render thread/WARN]: Missing sound for event: minecraft:entity.copper_golem_weathered.death
[09:48:28] [Render thread/WARN]: Missing sound for event: minecraft:entity.copper_golem_oxidized.step
[09:48:28] [Render thread/WARN]: Missing sound for event: minecraft:entity.copper_golem_oxidized.hurt
[09:48:28] [Render thread/WARN]: Missing sound for event: minecraft:entity.copper_golem_oxidized.death
[09:48:28] [Render thread/WARN]: Missing sound for event: minecraft:entity.copper_golem.spin
[09:48:28] [Render thread/WARN]: Missing sound for event: minecraft:entity.copper_golem_weathered.spin
[09:48:28] [Render thread/WARN]: Missing sound for event: minecraft:entity.copper_golem_oxidized.spin
[09:48:28] [Render thread/WARN]: Missing sound for event: minecraft:entity.copper_golem.no_item_get
[09:48:28] [Render thread/WARN]: Missing sound for event: minecraft:entity.copper_golem.no_item_no_get
[09:48:28] [Render thread/WARN]: Missing sound for event: minecraft:entity.copper_golem.item_drop
[09:48:28] [Render thread/WARN]: Missing sound for event: minecraft:entity.copper_golem.item_no_drop
[09:48:28] [Render thread/WARN]: Missing sound for event: minecraft:entity.copper_golem_become_statue
[09:48:28] [Render thread/WARN]: Missing sound for event: minecraft:block.copper_golem_statue.break
[09:48:28] [Render thread/WARN]: Missing sound for event: minecraft:block.copper_golem_statue.place
[09:48:28] [Render thread/WARN]: Missing sound for event: minecraft:block.copper_golem_statue.hit
[09:48:28] [Render thread/WARN]: Missing sound for event: minecraft:block.copper_golem_statue.step
[09:48:28] [Render thread/WARN]: Missing sound for event: minecraft:block.copper_golem_statue.fall
[09:48:28] [Render thread/WARN]: Missing sound for event: minecraft:entity.copper_golem.spawn
[09:48:28] [Render thread/WARN]: Missing sound for event: minecraft:entity.copper_golem.shear
[09:48:28] [Render thread/WARN]: Missing sound for event: minecraft:block.copper_grate.break
[09:48:28] [Render thread/WARN]: Missing sound for event: minecraft:block.copper_grate.step
[09:48:28] [Render thread/WARN]: Missing sound for event: minecraft:block.copper_grate.place
[09:48:28] [Render thread/WARN]: Missing sound for event: minecraft:block.copper_grate.hit
[09:48:28] [Render thread/WARN]: Missing sound for event: minecraft:block.copper_grate.fall
[09:48:28] [Render thread/WARN]: Missing sound for event: minecraft:block.copper_trapdoor.close
[09:48:28] [Render thread/WARN]: Missing sound for event: minecraft:block.copper_trapdoor.open
[09:48:28] [Render thread/WARN]: Missing sound for event: minecraft:block.coral_block.break
[09:48:28] [Render thread/WARN]: Missing sound for event: minecraft:block.coral_block.fall
[09:48:28] [Render thread/WARN]: Missing sound for event: minecraft:block.coral_block.hit
[09:48:28] [Render thread/WARN]: Missing sound for event: minecraft:block.coral_block.place
[09:48:28] [Render thread/WARN]: Missing sound for event: minecraft:block.coral_block.step
[09:48:28] [Render thread/WARN]: Missing sound for event: minecraft:entity.cow.milk
[09:48:28] [Render thread/WARN]: Missing sound for event: minecraft:entity.cow.ambient
[09:48:28] [Render thread/WARN]: Missing sound for event: minecraft:entity.cow.hurt
[09:48:28] [Render thread/WARN]: Missing sound for event: minecraft:entity.cow.death
[09:48:28] [Render thread/WARN]: Missing sound for event: minecraft:entity.cow.step
[09:48:28] [Render thread/WARN]: Missing sound for event: minecraft:entity.cow_moody.ambient
[09:48:28] [Render thread/WARN]: Missing sound for event: minecraft:entity.cow_moody.hurt
[09:48:28] [Render thread/WARN]: Missing sound for event: minecraft:entity.cow_moody.death
[09:48:28] [Render thread/WARN]: Missing sound for event: minecraft:entity.cow_moody.step
[09:48:28] [Render thread/WARN]: Missing sound for event: minecraft:block.crafter.craft
[09:48:28] [Render thread/WARN]: Missing sound for event: minecraft:block.crafter.fail
[09:48:28] [Render thread/WARN]: Missing sound for event: minecraft:entity.creaking.ambient
[09:48:28] [Render thread/WARN]: Missing sound for event: minecraft:entity.creaking.activate
[09:48:28] [Render thread/WARN]: Missing sound for event: minecraft:entity.creaking.deactivate
[09:48:28] [Render thread/WARN]: Missing sound for event: minecraft:entity.creaking.attack
[09:48:28] [Render thread/WARN]: Missing sound for event: minecraft:entity.creaking.death
[09:48:28] [Render thread/WARN]: Missing sound for event: minecraft:entity.creaking.step
[09:48:28] [Render thread/WARN]: Missing sound for event: minecraft:entity.creaking.freeze
[09:48:28] [Render thread/WARN]: Missing sound for event: minecraft:entity.creaking.unfreeze
[09:48:28] [Render thread/WARN]: Missing sound for event: minecraft:entity.creaking.spawn
[09:48:28] [Render thread/WARN]: Missing sound for event: minecraft:entity.creaking.sway
[09:48:28] [Render thread/WARN]: Missing sound for event: minecraft:entity.creaking.twitch
[09:48:28] [Render thread/WARN]: Missing sound for event: minecraft:block.creaking_heart.break
[09:48:28] [Render thread/WARN]: Missing sound for event: minecraft:block.creaking_heart.fall
[09:48:28] [Render thread/WARN]: Missing sound for event: minecraft:block.creaking_heart.hit
[09:48:28] [Render thread/WARN]: Missing sound for event: minecraft:block.creaking_heart.hurt
[09:48:28] [Render thread/WARN]: Missing sound for event: minecraft:block.creaking_heart.place
[09:48:28] [Render thread/WARN]: Missing sound for event: minecraft:block.creaking_heart.step
[09:48:28] [Render thread/WARN]: Missing sound for event: minecraft:block.creaking_heart.idle
[09:48:28] [Render thread/WARN]: Missing sound for event: minecraft:block.creaking_heart.spawn
[09:48:28] [Render thread/WARN]: Missing sound for event: minecraft:entity.creeper.death
[09:48:28] [Render thread/WARN]: Missing sound for event: minecraft:entity.creeper.hurt
[09:48:28] [Render thread/WARN]: Missing sound for event: minecraft:entity.creeper.primed
[09:48:28] [Render thread/WARN]: Missing sound for event: minecraft:block.crop.break
[09:48:28] [Render thread/WARN]: Missing sound for event: minecraft:item.crop.plant
[09:48:28] [Render thread/WARN]: Missing sound for event: minecraft:item.crossbow.hit
[09:48:28] [Render thread/WARN]: Missing sound for event: minecraft:item.crossbow.loading_end
[09:48:28] [Render thread/WARN]: Missing sound for event: minecraft:item.crossbow.loading_middle
[09:48:28] [Render thread/WARN]: Missing sound for event: minecraft:item.crossbow.loading_start
[09:48:28] [Render thread/WARN]: Missing sound for event: minecraft:item.crossbow.quick_charge_1
[09:48:28] [Render thread/WARN]: Missing sound for event: minecraft:item.crossbow.quick_charge_2
[09:48:28] [Render thread/WARN]: Missing sound for event: minecraft:item.crossbow.quick_charge_3
[09:48:28] [Render thread/WARN]: Missing sound for event: minecraft:item.crossbow.shoot
[09:48:28] [Render thread/WARN]: Missing sound for event: minecraft:block.deadbush.idle
[09:48:28] [Render thread/WARN]: Missing sound for event: minecraft:block.decorated_pot.break
[09:48:28] [Render thread/WARN]: Missing sound for event: minecraft:block.decorated_pot.fall
[09:48:28] [Render thread/WARN]: Missing sound for event: minecraft:block.decorated_pot.hit
[09:48:28] [Render thread/WARN]: Missing sound for event: minecraft:block.decorated_pot.insert
[09:48:28] [Render thread/WARN]: Missing sound for event: minecraft:block.decorated_pot.insert_fail
[09:48:28] [Render thread/WARN]: Missing sound for event: minecraft:block.decorated_pot.step
[09:48:28] [Render thread/WARN]: Missing sound for event: minecraft:block.decorated_pot.place
[09:48:28] [Render thread/WARN]: Missing sound for event: minecraft:block.decorated_pot.shatter
[09:48:28] [Render thread/WARN]: Missing sound for event: minecraft:block.deepslate_bricks.break
[09:48:28] [Render thread/WARN]: Missing sound for event: minecraft:block.deepslate_bricks.fall
[09:48:28] [Render thread/WARN]: Missing sound for event: minecraft:block.deepslate_bricks.hit
[09:48:28] [Render thread/WARN]: Missing sound for event: minecraft:block.deepslate_bricks.place
[09:48:28] [Render thread/WARN]: Missing sound for event: minecraft:block.deepslate_bricks.step
[09:48:28] [Render thread/WARN]: Missing sound for event: minecraft:block.deepslate.break
[09:48:28] [Render thread/WARN]: Missing sound for event: minecraft:block.deepslate.fall
[09:48:28] [Render thread/WARN]: Missing sound for event: minecraft:block.deepslate.hit
[09:48:28] [Render thread/WARN]: Missing sound for event: minecraft:block.deepslate.place
[09:48:28] [Render thread/WARN]: Missing sound for event: minecraft:block.deepslate.step
[09:48:28] [Render thread/WARN]: Missing sound for event: minecraft:block.deepslate_tiles.break
[09:48:28] [Render thread/WARN]: Missing sound for event: minecraft:block.deepslate_tiles.fall
[09:48:28] [Render thread/WARN]: Missing sound for event: minecraft:block.deepslate_tiles.hit
[09:48:28] [Render thread/WARN]: Missing sound for event: minecraft:block.deepslate_tiles.place
[09:48:28] [Render thread/WARN]: Missing sound for event: minecraft:block.deepslate_tiles.step
[09:48:28] [Render thread/WARN]: Missing sound for event: minecraft:block.dispenser.dispense
[09:48:28] [Render thread/WARN]: Missing sound for event: minecraft:block.dispenser.fail
[09:48:28] [Render thread/WARN]: Missing sound for event: minecraft:block.dispenser.launch
[09:48:28] [Render thread/WARN]: Missing sound for event: minecraft:entity.dolphin.ambient
[09:48:28] [Render thread/WARN]: Missing sound for event: minecraft:entity.dolphin.ambient_water
[09:48:28] [Render thread/WARN]: Missing sound for event: minecraft:entity.dolphin.attack
[09:48:28] [Render thread/WARN]: Missing sound for event: minecraft:entity.dolphin.death
[09:48:28] [Render thread/WARN]: Missing sound for event: minecraft:entity.dolphin.eat
[09:48:28] [Render thread/WARN]: Missing sound for event: minecraft:entity.dolphin.hurt
[09:48:28] [Render thread/WARN]: Missing sound for event: minecraft:entity.dolphin.jump
[09:48:28] [Render thread/WARN]: Missing sound for event: minecraft:entity.dolphin.play
[09:48:28] [Render thread/WARN]: Missing sound for event: minecraft:entity.dolphin.splash
[09:48:28] [Render thread/WARN]: Missing sound for event: minecraft:entity.dolphin.swim
[09:48:28] [Render thread/WARN]: Missing sound for event: minecraft:entity.donkey.ambient
[09:48:28] [Render thread/WARN]: Missing sound for event: minecraft:entity.donkey.angry
[09:48:28] [Render thread/WARN]: Missing sound for event: minecraft:entity.donkey.chest
[09:48:28] [Render thread/WARN]: Missing sound for event: minecraft:entity.donkey.death
[09:48:28] [Render thread/WARN]: Missing sound for event: minecraft:entity.donkey.eat
[09:48:28] [Render thread/WARN]: Missing sound for event: minecraft:entity.donkey.hurt
[09:48:28] [Render thread/WARN]: Missing sound for event: minecraft:entity.donkey.jump
[09:48:28] [Render thread/WARN]: Missing sound for event: minecraft:block.dried_ghast.break
[09:48:28] [Render thread/WARN]: Missing sound for event: minecraft:block.dried_ghast.step
[09:48:28] [Render thread/WARN]: Missing sound for event: minecraft:block.dried_ghast.fall
[09:48:28] [Render thread/WARN]: Missing sound for event: minecraft:block.dried_ghast.ambient
[09:48:28] [Render thread/WARN]: Missing sound for event: minecraft:block.dried_ghast.ambient_water
[09:48:28] [Render thread/WARN]: Missing sound for event: minecraft:block.dried_ghast.place
[09:48:28] [Render thread/WARN]: Missing sound for event: minecraft:block.dried_ghast.place_in_water
[09:48:28] [Render thread/WARN]: Missing sound for event: minecraft:block.dried_ghast.transition
[09:48:28] [Render thread/WARN]: Missing sound for event: minecraft:block.dripstone_block.break
[09:48:28] [Render thread/WARN]: Missing sound for event: minecraft:block.dripstone_block.step
[09:48:28] [Render thread/WARN]: Missing sound for event: minecraft:block.dripstone_block.place
[09:48:28] [Render thread/WARN]: Missing sound for event: minecraft:block.dripstone_block.hit
[09:48:28] [Render thread/WARN]: Missing sound for event: minecraft:block.dripstone_block.fall
[09:48:28] [Render thread/WARN]: Missing sound for event: minecraft:block.dry_grass.ambient
[09:48:28] [Render thread/WARN]: Missing sound for event: minecraft:block.pointed_dripstone.break
[09:48:28] [Render thread/WARN]: Missing sound for event: minecraft:block.pointed_dripstone.step
[09:48:28] [Render thread/WARN]: Missing sound for event: minecraft:block.pointed_dripstone.place
[09:48:28] [Render thread/WARN]: Missing sound for event: minecraft:block.pointed_dripstone.hit
[09:48:28] [Render thread/WARN]: Missing sound for event: minecraft:block.pointed_dripstone.fall
[09:48:28] [Render thread/WARN]: Missing sound for event: minecraft:block.pointed_dripstone.land
[09:48:28] [Render thread/WARN]: Missing sound for event: minecraft:block.pointed_dripstone.drip_lava
[09:48:28] [Render thread/WARN]: Missing sound for event: minecraft:block.pointed_dripstone.drip_water
[09:48:28] [Render thread/WARN]: Missing sound for event: minecraft:block.pointed_dripstone.drip_lava_into_cauldron
[09:48:28] [Render thread/WARN]: Missing sound for event: minecraft:block.pointed_dripstone.drip_water_into_cauldron
[09:48:28] [Render thread/WARN]: Missing sound for event: minecraft:block.big_dripleaf.tilt_down
[09:48:28] [Render thread/WARN]: Missing sound for event: minecraft:block.big_dripleaf.tilt_up
[09:48:28] [Render thread/WARN]: Missing sound for event: minecraft:entity.drowned.ambient
[09:48:28] [Render thread/WARN]: Missing sound for event: minecraft:entity.drowned.ambient_water
[09:48:28] [Render thread/WARN]: Missing sound for event: minecraft:entity.drowned.death
[09:48:28] [Render thread/WARN]: Missing sound for event: minecraft:entity.drowned.death_water
[09:48:28] [Render thread/WARN]: Missing sound for event: minecraft:entity.drowned.hurt
[09:48:28] [Render thread/WARN]: Missing sound for event: minecraft:entity.drowned.hurt_water
[09:48:28] [Render thread/WARN]: Missing sound for event: minecraft:entity.drowned.shoot
[09:48:28] [Render thread/WARN]: Missing sound for event: minecraft:entity.drowned.step
[09:48:28] [Render thread/WARN]: Missing sound for event: minecraft:entity.drowned.swim
[09:48:28] [Render thread/WARN]: Missing sound for event: minecraft:item.dye.use
[09:48:28] [Render thread/WARN]: Missing sound for event: minecraft:entity.egg.throw
[09:48:28] [Render thread/WARN]: Missing sound for event: minecraft:entity.elder_guardian.ambient
[09:48:28] [Render thread/WARN]: Missing sound for event: minecraft:entity.elder_guardian.ambient_land
[09:48:28] [Render thread/WARN]: Missing sound for event: minecraft:entity.elder_guardian.curse
[09:48:28] [Render thread/WARN]: Missing sound for event: minecraft:entity.elder_guardian.death
[09:48:28] [Render thread/WARN]: Missing sound for event: minecraft:entity.elder_guardian.death_land
[09:48:28] [Render thread/WARN]: Missing sound for event: minecraft:entity.elder_guardian.flop
[09:48:28] [Render thread/WARN]: Missing sound for event: minecraft:entity.elder_guardian.hurt
[09:48:28] [Render thread/WARN]: Missing sound for event: minecraft:entity.elder_guardian.hurt_land
[09:48:28] [Render thread/WARN]: Missing sound for event: minecraft:item.elytra.flying
[09:48:28] [Render thread/WARN]: Missing sound for event: minecraft:block.enchantment_table.use
[09:48:28] [Render thread/WARN]: Missing sound for event: minecraft:block.ender_chest.close
[09:48:28] [Render thread/WARN]: Missing sound for event: minecraft:block.ender_chest.open
[09:48:28] [Render thread/WARN]: Missing sound for event: minecraft:entity.ender_dragon.ambient
[09:48:28] [Render thread/WARN]: Missing sound for event: minecraft:entity.ender_dragon.death
[09:48:28] [Render thread/WARN]: Missing sound for event: minecraft:entity.dragon_fireball.explode
[09:48:28] [Render thread/WARN]: Missing sound for event: minecraft:entity.ender_dragon.flap
[09:48:28] [Render thread/WARN]: Missing sound for event: minecraft:entity.ender_dragon.growl
[09:48:28] [Render thread/WARN]: Missing sound for event: minecraft:entity.ender_dragon.hurt
[09:48:28] [Render thread/WARN]: Missing sound for event: minecraft:entity.ender_dragon.shoot
[09:48:28] [Render thread/WARN]: Missing sound for event: minecraft:entity.ender_eye.death
[09:48:28] [Render thread/WARN]: Missing sound for event: minecraft:entity.ender_eye.launch
[09:48:28] [Render thread/WARN]: Missing sound for event: minecraft:entity.enderman.ambient
[09:48:28] [Render thread/WARN]: Missing sound for event: minecraft:entity.enderman.death
[09:48:28] [Render thread/WARN]: Missing sound for event: minecraft:entity.enderman.hurt
[09:48:28] [Render thread/WARN]: Missing sound for event: minecraft:entity.enderman.scream
[09:48:28] [Render thread/WARN]: Missing sound for event: minecraft:entity.enderman.stare
[09:48:28] [Render thread/WARN]: Missing sound for event: minecraft:entity.enderman.teleport
[09:48:28] [Render thread/WARN]: Missing sound for event: minecraft:entity.endermite.ambient
[09:48:28] [Render thread/WARN]: Missing sound for event: minecraft:entity.endermite.death
[09:48:28] [Render thread/WARN]: Missing sound for event: minecraft:entity.endermite.hurt
[09:48:28] [Render thread/WARN]: Missing sound for event: minecraft:entity.endermite.step
[09:48:28] [Render thread/WARN]: Missing sound for event: minecraft:entity.ender_pearl.throw
[09:48:28] [Render thread/WARN]: Missing sound for event: minecraft:block.end_gateway.spawn
[09:48:28] [Render thread/WARN]: Missing sound for event: minecraft:block.end_portal_frame.fill
[09:48:28] [Render thread/WARN]: Missing sound for event: minecraft:block.end_portal.spawn
[09:48:28] [Render thread/WARN]: Missing sound for event: minecraft:entity.evoker.ambient
[09:48:28] [Render thread/WARN]: Missing sound for event: minecraft:entity.evoker.cast_spell
[09:48:28] [Render thread/WARN]: Missing sound for event: minecraft:entity.evoker.celebrate
[09:48:28] [Render thread/WARN]: Missing sound for event: minecraft:entity.evoker.death
[09:48:28] [Render thread/WARN]: Missing sound for event: minecraft:entity.evoker_fangs.attack
[09:48:28] [Render thread/WARN]: Missing sound for event: minecraft:entity.evoker.hurt
[09:48:28] [Render thread/WARN]: Missing sound for event: minecraft:entity.evoker.prepare_attack
[09:48:28] [Render thread/WARN]: Missing sound for event: minecraft:entity.evoker.prepare_summon
[09:48:28] [Render thread/WARN]: Missing sound for event: minecraft:entity.evoker.prepare_wololo
[09:48:28] [Render thread/WARN]: Missing sound for event: minecraft:entity.experience_bottle.throw
[09:48:28] [Render thread/WARN]: Missing sound for event: minecraft:entity.experience_orb.pickup
[09:48:28] [Render thread/WARN]: Missing sound for event: minecraft:block.eyeblossom.open_long
[09:48:28] [Render thread/WARN]: Missing sound for event: minecraft:block.eyeblossom.open
[09:48:28] [Render thread/WARN]: Missing sound for event: minecraft:block.eyeblossom.close_long
[09:48:28] [Render thread/WARN]: Missing sound for event: minecraft:block.eyeblossom.close
[09:48:28] [Render thread/WARN]: Missing sound for event: minecraft:block.eyeblossom.idle
[09:48:28] [Render thread/WARN]: Missing sound for event: minecraft:block.fence_gate.close
[09:48:28] [Render thread/WARN]: Missing sound for event: minecraft:block.fence_gate.open
[09:48:28] [Render thread/WARN]: Missing sound for event: minecraft:item.firecharge.use
[09:48:28] [Render thread/WARN]: Missing sound for event: minecraft:block.firefly_bush.idle
[09:48:28] [Render thread/WARN]: Missing sound for event: minecraft:entity.firework_rocket.blast
[09:48:28] [Render thread/WARN]: Missing sound for event: minecraft:entity.firework_rocket.blast_far
[09:48:28] [Render thread/WARN]: Missing sound for event: minecraft:entity.firework_rocket.large_blast
[09:48:28] [Render thread/WARN]: Missing sound for event: minecraft:entity.firework_rocket.large_blast_far
[09:48:28] [Render thread/WARN]: Missing sound for event: minecraft:entity.firework_rocket.launch
[09:48:28] [Render thread/WARN]: Missing sound for event: minecraft:entity.firework_rocket.shoot
[09:48:28] [Render thread/WARN]: Missing sound for event: minecraft:entity.firework_rocket.twinkle
[09:48:28] [Render thread/WARN]: Missing sound for event: minecraft:entity.firework_rocket.twinkle_far
[09:48:28] [Render thread/WARN]: Missing sound for event: minecraft:block.fire.ambient
[09:48:28] [Render thread/WARN]: Missing sound for event: minecraft:block.fire.extinguish
[09:48:28] [Render thread/WARN]: Missing sound for event: minecraft:entity.fish.swim
[09:48:28] [Render thread/WARN]: Missing sound for event: minecraft:entity.fishing_bobber.retrieve
[09:48:28] [Render thread/WARN]: Missing sound for event: minecraft:entity.fishing_bobber.splash
[09:48:28] [Render thread/WARN]: Missing sound for event: minecraft:entity.fishing_bobber.throw
[09:48:28] [Render thread/WARN]: Missing sound for event: minecraft:item.flintandsteel.use
[09:48:28] [Render thread/WARN]: Missing sound for event: minecraft:block.flowering_azalea.break
[09:48:28] [Render thread/WARN]: Missing sound for event: minecraft:block.flowering_azalea.fall
[09:48:28] [Render thread/WARN]: Missing sound for event: minecraft:block.flowering_azalea.hit
[09:48:28] [Render thread/WARN]: Missing sound for event: minecraft:block.flowering_azalea.place
[09:48:28] [Render thread/WARN]: Missing sound for event: minecraft:block.flowering_azalea.step
[09:48:28] [Render thread/WARN]: Missing sound for event: minecraft:entity.fox.aggro
[09:48:28] [Render thread/WARN]: Missing sound for event: minecraft:entity.fox.ambient
[09:48:28] [Render thread/WARN]: Missing sound for event: minecraft:entity.fox.bite
[09:48:28] [Render thread/WARN]: Missing sound for event: minecraft:entity.fox.death
[09:48:28] [Render thread/WARN]: Missing sound for event: minecraft:entity.fox.eat
[09:48:28] [Render thread/WARN]: Missing sound for event: minecraft:entity.fox.hurt
[09:48:28] [Render thread/WARN]: Missing sound for event: minecraft:entity.fox.screech
[09:48:28] [Render thread/WARN]: Missing sound for event: minecraft:entity.fox.sleep
[09:48:28] [Render thread/WARN]: Missing sound for event: minecraft:entity.fox.sniff
[09:48:28] [Render thread/WARN]: Missing sound for event: minecraft:entity.fox.spit
[09:48:28] [Render thread/WARN]: Missing sound for event: minecraft:entity.fox.teleport
[09:48:28] [Render thread/WARN]: Missing sound for event: minecraft:block.suspicious_sand.break
[09:48:28] [Render thread/WARN]: Missing sound for event: minecraft:block.suspicious_sand.step
[09:48:28] [Render thread/WARN]: Missing sound for event: minecraft:block.suspicious_sand.place
[09:48:28] [Render thread/WARN]: Missing sound for event: minecraft:block.suspicious_sand.hit
[09:48:28] [Render thread/WARN]: Missing sound for event: minecraft:block.suspicious_sand.fall
[09:48:28] [Render thread/WARN]: Missing sound for event: minecraft:block.suspicious_gravel.break
[09:48:28] [Render thread/WARN]: Missing sound for event: minecraft:block.suspicious_gravel.step
[09:48:28] [Render thread/WARN]: Missing sound for event: minecraft:block.suspicious_gravel.place
[09:48:28] [Render thread/WARN]: Missing sound for event: minecraft:block.suspicious_gravel.hit
[09:48:28] [Render thread/WARN]: Missing sound for event: minecraft:block.suspicious_gravel.fall
[09:48:28] [Render thread/WARN]: Missing sound for event: minecraft:block.froglight.break
[09:48:28] [Render thread/WARN]: Missing sound for event: minecraft:block.froglight.fall
[09:48:28] [Render thread/WARN]: Missing sound for event: minecraft:block.froglight.hit
[09:48:28] [Render thread/WARN]: Missing sound for event: minecraft:block.froglight.place
[09:48:28] [Render thread/WARN]: Missing sound for event: minecraft:block.froglight.step
[09:48:28] [Render thread/WARN]: Missing sound for event: minecraft:block.frogspawn.step
[09:48:28] [Render thread/WARN]: Missing sound for event: minecraft:block.frogspawn.break
[09:48:28] [Render thread/WARN]: Missing sound for event: minecraft:block.frogspawn.fall
[09:48:28] [Render thread/WARN]: Missing sound for event: minecraft:block.frogspawn.hatch
[09:48:28] [Render thread/WARN]: Missing sound for event: minecraft:block.frogspawn.hit
[09:48:28] [Render thread/WARN]: Missing sound for event: minecraft:block.frogspawn.place
[09:48:28] [Render thread/WARN]: Missing sound for event: minecraft:entity.frog.ambient
[09:48:28] [Render thread/WARN]: Missing sound for event: minecraft:entity.frog.death
[09:48:28] [Render thread/WARN]: Missing sound for event: minecraft:entity.frog.eat
[09:48:28] [Render thread/WARN]: Missing sound for event: minecraft:entity.frog.hurt
[09:48:28] [Render thread/WARN]: Missing sound for event: minecraft:entity.frog.lay_spawn
[09:48:28] [Render thread/WARN]: Missing sound for event: minecraft:entity.frog.long_jump
[09:48:28] [Render thread/WARN]: Missing sound for event: minecraft:entity.frog.step
[09:48:28] [Render thread/WARN]: Missing sound for event: minecraft:entity.frog.tongue
[09:48:28] [Render thread/WARN]: Missing sound for event: minecraft:block.roots.break
[09:48:28] [Render thread/WARN]: Missing sound for event: minecraft:block.roots.step
[09:48:28] [Render thread/WARN]: Missing sound for event: minecraft:block.roots.place
[09:48:28] [Render thread/WARN]: Missing sound for event: minecraft:block.roots.hit
[09:48:28] [Render thread/WARN]: Missing sound for event: minecraft:block.roots.fall
[09:48:28] [Render thread/WARN]: Missing sound for event: minecraft:block.furnace.fire_crackle
[09:48:28] [Render thread/WARN]: Missing sound for event: minecraft:entity.generic.big_fall
[09:48:28] [Render thread/WARN]: Missing sound for event: minecraft:entity.generic.burn
[09:48:28] [Render thread/WARN]: Missing sound for event: minecraft:entity.generic.death
[09:48:28] [Render thread/WARN]: Missing sound for event: minecraft:entity.generic.drink
[09:48:28] [Render thread/WARN]: Missing sound for event: minecraft:entity.generic.eat
[09:48:28] [Render thread/WARN]: Missing sound for event: minecraft:entity.generic.explode
[09:48:28] [Render thread/WARN]: Missing sound for event: minecraft:entity.generic.extinguish_fire
[09:48:28] [Render thread/WARN]: Missing sound for event: minecraft:entity.generic.hurt
[09:48:28] [Render thread/WARN]: Missing sound for event: minecraft:entity.generic.small_fall
[09:48:28] [Render thread/WARN]: Missing sound for event: minecraft:entity.generic.splash
[09:48:28] [Render thread/WARN]: Missing sound for event: minecraft:entity.generic.swim
[09:48:28] [Render thread/WARN]: Missing sound for event: minecraft:entity.ghast.ambient
[09:48:28] [Render thread/WARN]: Missing sound for event: minecraft:entity.ghast.death
[09:48:28] [Render thread/WARN]: Missing sound for event: minecraft:entity.ghast.hurt
[09:48:28] [Render thread/WARN]: Missing sound for event: minecraft:entity.ghast.scream
[09:48:28] [Render thread/WARN]: Missing sound for event: minecraft:entity.ghast.shoot
[09:48:28] [Render thread/WARN]: Missing sound for event: minecraft:entity.ghast.warn
[09:48:28] [Render thread/WARN]: Missing sound for event: minecraft:entity.ghastling.ambient
[09:48:28] [Render thread/WARN]: Missing sound for event: minecraft:entity.ghastling.death
[09:48:28] [Render thread/WARN]: Missing sound for event: minecraft:entity.ghastling.hurt
[09:48:28] [Render thread/WARN]: Missing sound for event: minecraft:entity.ghastling.spawn
[09:48:28] [Render thread/WARN]: Missing sound for event: minecraft:block.gilded_blackstone.break
[09:48:28] [Render thread/WARN]: Missing sound for event: minecraft:block.gilded_blackstone.fall
[09:48:28] [Render thread/WARN]: Missing sound for event: minecraft:block.gilded_blackstone.hit
[09:48:28] [Render thread/WARN]: Missing sound for event: minecraft:block.gilded_blackstone.place
[09:48:28] [Render thread/WARN]: Missing sound for event: minecraft:block.gilded_blackstone.step
[09:48:28] [Render thread/WARN]: Missing sound for event: minecraft:block.glass.break
[09:48:28] [Render thread/WARN]: Missing sound for event: minecraft:block.glass.fall
[09:48:28] [Render thread/WARN]: Missing sound for event: minecraft:block.glass.hit
[09:48:28] [Render thread/WARN]: Missing sound for event: minecraft:block.glass.place
[09:48:28] [Render thread/WARN]: Missing sound for event: minecraft:block.glass.step
[09:48:28] [Render thread/WARN]: Missing sound for event: minecraft:item.glow_ink_sac.use
[09:48:28] [Render thread/WARN]: Missing sound for event: minecraft:entity.glow_item_frame.add_item
[09:48:28] [Render thread/WARN]: Missing sound for event: minecraft:entity.glow_item_frame.break
[09:48:28] [Render thread/WARN]: Missing sound for event: minecraft:entity.glow_item_frame.place
[09:48:28] [Render thread/WARN]: Missing sound for event: minecraft:entity.glow_item_frame.remove_item
[09:48:28] [Render thread/WARN]: Missing sound for event: minecraft:entity.glow_item_frame.rotate_item
[09:48:28] [Render thread/WARN]: Missing sound for event: minecraft:entity.glow_squid.ambient
[09:48:28] [Render thread/WARN]: Missing sound for event: minecraft:entity.glow_squid.death
[09:48:28] [Render thread/WARN]: Missing sound for event: minecraft:entity.glow_squid.hurt
[09:48:28] [Render thread/WARN]: Missing sound for event: minecraft:entity.glow_squid.squirt
[09:48:28] [Render thread/WARN]: Missing sound for event: minecraft:entity.goat.ambient
[09:48:28] [Render thread/WARN]: Missing sound for event: minecraft:entity.goat.death
[09:48:28] [Render thread/WARN]: Missing sound for event: minecraft:entity.goat.eat
[09:48:28] [Render thread/WARN]: Missing sound for event: minecraft:entity.goat.hurt
[09:48:28] [Render thread/WARN]: Missing sound for event: minecraft:entity.goat.long_jump
[09:48:28] [Render thread/WARN]: Missing sound for event: minecraft:entity.goat.milk
[09:48:28] [Render thread/WARN]: Missing sound for event: minecraft:entity.goat.prepare_ram
[09:48:28] [Render thread/WARN]: Missing sound for event: minecraft:entity.goat.ram_impact
[09:48:28] [Render thread/WARN]: Missing sound for event: minecraft:entity.goat.horn_break
[09:48:28] [Render thread/WARN]: Missing sound for event: minecraft:entity.goat.screaming.ambient
[09:48:28] [Render thread/WARN]: Missing sound for event: minecraft:entity.goat.screaming.death
[09:48:28] [Render thread/WARN]: Missing sound for event: minecraft:entity.goat.screaming.eat
[09:48:28] [Render thread/WARN]: Missing sound for event: minecraft:entity.goat.screaming.hurt
[09:48:28] [Render thread/WARN]: Missing sound for event: minecraft:entity.goat.screaming.long_jump
[09:48:28] [Render thread/WARN]: Missing sound for event: minecraft:entity.goat.screaming.milk
[09:48:28] [Render thread/WARN]: Missing sound for event: minecraft:entity.goat.screaming.prepare_ram
[09:48:28] [Render thread/WARN]: Missing sound for event: minecraft:entity.goat.screaming.ram_impact
[09:48:28] [Render thread/WARN]: Missing sound for event: minecraft:entity.goat.step
[09:48:28] [Render thread/WARN]: Missing sound for event: minecraft:item.golden_dandelion.use
[09:48:28] [Render thread/WARN]: Missing sound for event: minecraft:item.golden_dandelion.unuse
[09:48:28] [Render thread/WARN]: Missing sound for event: minecraft:block.grass.break
[09:48:28] [Render thread/WARN]: Missing sound for event: minecraft:block.grass.fall
[09:48:28] [Render thread/WARN]: Missing sound for event: minecraft:block.grass.hit
[09:48:28] [Render thread/WARN]: Missing sound for event: minecraft:block.grass.place
[09:48:28] [Render thread/WARN]: Missing sound for event: minecraft:block.grass.step
[09:48:28] [Render thread/WARN]: Missing sound for event: minecraft:block.gravel.break
[09:48:28] [Render thread/WARN]: Missing sound for event: minecraft:block.gravel.fall
[09:48:28] [Render thread/WARN]: Missing sound for event: minecraft:block.gravel.hit
[09:48:28] [Render thread/WARN]: Missing sound for event: minecraft:block.gravel.place
[09:48:28] [Render thread/WARN]: Missing sound for event: minecraft:block.gravel.step
[09:48:28] [Render thread/WARN]: Missing sound for event: minecraft:block.grindstone.use
[09:48:28] [Render thread/WARN]: Missing sound for event: minecraft:block.growing_plant.crop
[09:48:28] [Render thread/WARN]: Missing sound for event: minecraft:entity.guardian.ambient
[09:48:28] [Render thread/WARN]: Missing sound for event: minecraft:entity.guardian.ambient_land
[09:48:28] [Render thread/WARN]: Missing sound for event: minecraft:entity.guardian.attack
[09:48:28] [Render thread/WARN]: Missing sound for event: minecraft:entity.guardian.death
[09:48:28] [Render thread/WARN]: Missing sound for event: minecraft:entity.guardian.death_land
[09:48:28] [Render thread/WARN]: Missing sound for event: minecraft:entity.guardian.flop
[09:48:28] [Render thread/WARN]: Missing sound for event: minecraft:entity.guardian.hurt
[09:48:28] [Render thread/WARN]: Missing sound for event: minecraft:entity.guardian.hurt_land
[09:48:28] [Render thread/WARN]: Missing sound for event: minecraft:block.hanging_roots.break
[09:48:28] [Render thread/WARN]: Missing sound for event: minecraft:block.hanging_roots.fall
[09:48:28] [Render thread/WARN]: Missing sound for event: minecraft:block.hanging_roots.hit
[09:48:28] [Render thread/WARN]: Missing sound for event: minecraft:block.hanging_roots.place
[09:48:28] [Render thread/WARN]: Missing sound for event: minecraft:block.hanging_roots.step
[09:48:28] [Render thread/WARN]: Missing sound for event: minecraft:block.hanging_sign.step
[09:48:28] [Render thread/WARN]: Missing sound for event: minecraft:block.hanging_sign.break
[09:48:28] [Render thread/WARN]: Missing sound for event: minecraft:block.hanging_sign.fall
[09:48:28] [Render thread/WARN]: Missing sound for event: minecraft:block.hanging_sign.hit
[09:48:28] [Render thread/WARN]: Missing sound for event: minecraft:block.hanging_sign.place
[09:48:28] [Render thread/WARN]: Missing sound for event: minecraft:entity.happy_ghast.ambient
[09:48:28] [Render thread/WARN]: Missing sound for event: minecraft:entity.happy_ghast.death
[09:48:28] [Render thread/WARN]: Missing sound for event: minecraft:entity.happy_ghast.hurt
[09:48:28] [Render thread/WARN]: Missing sound for event: minecraft:entity.happy_ghast.riding
[09:48:28] [Render thread/WARN]: Missing sound for event: minecraft:block.heavy_core.break
[09:48:28] [Render thread/WARN]: Missing sound for event: minecraft:block.heavy_core.fall
[09:48:28] [Render thread/WARN]: Missing sound for event: minecraft:block.heavy_core.hit
[09:48:28] [Render thread/WARN]: Missing sound for event: minecraft:block.heavy_core.place
[09:48:28] [Render thread/WARN]: Missing sound for event: minecraft:block.heavy_core.step
[09:48:28] [Render thread/WARN]: Missing sound for event: minecraft:block.nether_wood_hanging_sign.step
[09:48:28] [Render thread/WARN]: Missing sound for event: minecraft:block.nether_wood_hanging_sign.break
[09:48:28] [Render thread/WARN]: Missing sound for event: minecraft:block.nether_wood_hanging_sign.fall
[09:48:28] [Render thread/WARN]: Missing sound for event: minecraft:block.nether_wood_hanging_sign.hit
[09:48:28] [Render thread/WARN]: Missing sound for event: minecraft:block.nether_wood_hanging_sign.place
[09:48:28] [Render thread/WARN]: Missing sound for event: minecraft:block.bamboo_wood_hanging_sign.step
[09:48:28] [Render thread/WARN]: Missing sound for event: minecraft:block.bamboo_wood_hanging_sign.break
[09:48:28] [Render thread/WARN]: Missing sound for event: minecraft:block.bamboo_wood_hanging_sign.fall
[09:48:28] [Render thread/WARN]: Missing sound for event: minecraft:block.bamboo_wood_hanging_sign.hit
[09:48:28] [Render thread/WARN]: Missing sound for event: minecraft:block.bamboo_wood_hanging_sign.place
[09:48:28] [Render thread/WARN]: Missing sound for event: minecraft:block.trial_spawner.break
[09:48:28] [Render thread/WARN]: Missing sound for event: minecraft:block.trial_spawner.step
[09:48:28] [Render thread/WARN]: Missing sound for event: minecraft:block.trial_spawner.place
[09:48:28] [Render thread/WARN]: Missing sound for event: minecraft:block.trial_spawner.hit
[09:48:28] [Render thread/WARN]: Missing sound for event: minecraft:block.trial_spawner.fall
[09:48:28] [Render thread/WARN]: Missing sound for event: minecraft:block.trial_spawner.spawn_mob
[09:48:28] [Render thread/WARN]: Missing sound for event: minecraft:block.trial_spawner.about_to_spawn_item
[09:48:28] [Render thread/WARN]: Missing sound for event: minecraft:block.trial_spawner.spawn_item
[09:48:28] [Render thread/WARN]: Missing sound for event: minecraft:block.trial_spawner.spawn_item_begin
[09:48:28] [Render thread/WARN]: Missing sound for event: minecraft:block.trial_spawner.detect_player
[09:48:28] [Render thread/WARN]: Missing sound for event: minecraft:block.trial_spawner.ominous_activate
[09:48:28] [Render thread/WARN]: Missing sound for event: minecraft:block.trial_spawner.ambient
[09:48:28] [Render thread/WARN]: Missing sound for event: minecraft:block.trial_spawner.ambient_ominous
[09:48:28] [Render thread/WARN]: Missing sound for event: minecraft:block.trial_spawner.open_shutter
[09:48:28] [Render thread/WARN]: Missing sound for event: minecraft:block.trial_spawner.close_shutter
[09:48:28] [Render thread/WARN]: Missing sound for event: minecraft:block.trial_spawner.eject_item
[09:48:28] [Render thread/WARN]: Missing sound for event: minecraft:entity.happy_ghast.equip
[09:48:28] [Render thread/WARN]: Missing sound for event: minecraft:entity.happy_ghast.unequip
[09:48:28] [Render thread/WARN]: Missing sound for event: minecraft:entity.happy_ghast.harness_goggles_up
[09:48:28] [Render thread/WARN]: Missing sound for event: minecraft:entity.happy_ghast.harness_goggles_down
[09:48:28] [Render thread/WARN]: Missing sound for event: minecraft:item.hoe.till
[09:48:28] [Render thread/WARN]: Missing sound for event: minecraft:entity.hoglin.ambient
[09:48:28] [Render thread/WARN]: Missing sound for event: minecraft:entity.hoglin.angry
[09:48:28] [Render thread/WARN]: Missing sound for event: minecraft:entity.hoglin.attack
[09:48:28] [Render thread/WARN]: Missing sound for event: minecraft:entity.hoglin.converted_to_zombified
[09:48:28] [Render thread/WARN]: Missing sound for event: minecraft:entity.hoglin.death
[09:48:28] [Render thread/WARN]: Missing sound for event: minecraft:entity.hoglin.hurt
[09:48:28] [Render thread/WARN]: Missing sound for event: minecraft:entity.hoglin.retreat
[09:48:28] [Render thread/WARN]: Missing sound for event: minecraft:entity.hoglin.step
[09:48:28] [Render thread/WARN]: Missing sound for event: minecraft:block.honey_block.break
[09:48:28] [Render thread/WARN]: Missing sound for event: minecraft:block.honey_block.fall
[09:48:28] [Render thread/WARN]: Missing sound for event: minecraft:block.honey_block.hit
[09:48:28] [Render thread/WARN]: Missing sound for event: minecraft:block.honey_block.place
[09:48:28] [Render thread/WARN]: Missing sound for event: minecraft:block.honey_block.slide
[09:48:28] [Render thread/WARN]: Missing sound for event: minecraft:block.honey_block.step
[09:48:28] [Render thread/WARN]: Missing sound for event: minecraft:item.honeycomb.wax_on
[09:48:28] [Render thread/WARN]: Missing sound for event: minecraft:item.honey_bottle.drink
[09:48:28] [Render thread/WARN]: Missing sound for event: minecraft:item.goat_horn.sound.0
[09:48:28] [Render thread/WARN]: Missing sound for event: minecraft:item.goat_horn.sound.1
[09:48:28] [Render thread/WARN]: Missing sound for event: minecraft:item.goat_horn.sound.2
[09:48:28] [Render thread/WARN]: Missing sound for event: minecraft:item.goat_horn.sound.3
[09:48:28] [Render thread/WARN]: Missing sound for event: minecraft:item.goat_horn.sound.4
[09:48:28] [Render thread/WARN]: Missing sound for event: minecraft:item.goat_horn.sound.5
[09:48:28] [Render thread/WARN]: Missing sound for event: minecraft:item.goat_horn.sound.6
[09:48:28] [Render thread/WARN]: Missing sound for event: minecraft:item.goat_horn.sound.7
[09:48:28] [Render thread/WARN]: Missing sound for event: minecraft:entity.horse.ambient
[09:48:28] [Render thread/WARN]: Missing sound for event: minecraft:entity.baby_horse.ambient
[09:48:28] [Render thread/WARN]: Missing sound for event: minecraft:entity.horse.angry
[09:48:28] [Render thread/WARN]: Missing sound for event: minecraft:entity.baby_horse.angry
[09:48:28] [Render thread/WARN]: Missing sound for event: minecraft:entity.horse.armor
[09:48:28] [Render thread/WARN]: Missing sound for event: minecraft:item.horse_armor.unequip
[09:48:28] [Render thread/WARN]: Missing sound for event: minecraft:entity.horse.breathe
[09:48:28] [Render thread/WARN]: Missing sound for event: minecraft:entity.baby_horse.breathe
[09:48:28] [Render thread/WARN]: Missing sound for event: minecraft:entity.horse.death
[09:48:28] [Render thread/WARN]: Missing sound for event: minecraft:entity.baby_horse.death
[09:48:28] [Render thread/WARN]: Missing sound for event: minecraft:entity.horse.eat
[09:48:28] [Render thread/WARN]: Missing sound for event: minecraft:entity.baby_horse.eat
[09:48:28] [Render thread/WARN]: Missing sound for event: minecraft:entity.horse.gallop
[09:48:28] [Render thread/WARN]: Missing sound for event: minecraft:entity.horse.hurt
[09:48:28] [Render thread/WARN]: Missing sound for event: minecraft:entity.baby_horse.hurt
[09:48:28] [Render thread/WARN]: Missing sound for event: minecraft:entity.horse.jump
[09:48:28] [Render thread/WARN]: Missing sound for event: minecraft:entity.horse.land
[09:48:28] [Render thread/WARN]: Missing sound for event: minecraft:entity.baby_horse.land
[09:48:28] [Render thread/WARN]: Missing sound for event: minecraft:entity.horse.saddle
[09:48:28] [Render thread/WARN]: Missing sound for event: minecraft:entity.horse.step
[09:48:28] [Render thread/WARN]: Missing sound for event: minecraft:entity.baby_horse.step
[09:48:28] [Render thread/WARN]: Missing sound for event: minecraft:entity.horse.step_wood
[09:48:28] [Render thread/WARN]: Missing sound for event: minecraft:entity.hostile.big_fall
[09:48:28] [Render thread/WARN]: Missing sound for event: minecraft:entity.hostile.death
[09:48:28] [Render thread/WARN]: Missing sound for event: minecraft:entity.hostile.hurt
[09:48:28] [Render thread/WARN]: Missing sound for event: minecraft:entity.hostile.small_fall
[09:48:28] [Render thread/WARN]: Missing sound for event: minecraft:entity.hostile.splash
[09:48:28] [Render thread/WARN]: Missing sound for event: minecraft:entity.hostile.swim
[09:48:28] [Render thread/WARN]: Missing sound for event: minecraft:entity.husk.ambient
[09:48:28] [Render thread/WARN]: Missing sound for event: minecraft:entity.husk.converted_to_zombie
[09:48:28] [Render thread/WARN]: Missing sound for event: minecraft:entity.husk.death
[09:48:28] [Render thread/WARN]: Missing sound for event: minecraft:entity.husk.hurt
[09:48:28] [Render thread/WARN]: Missing sound for event: minecraft:entity.husk.step
[09:48:28] [Render thread/WARN]: Missing sound for event: minecraft:entity.illusioner.ambient
[09:48:28] [Render thread/WARN]: Missing sound for event: minecraft:entity.illusioner.cast_spell
[09:48:28] [Render thread/WARN]: Missing sound for event: minecraft:entity.illusioner.death
[09:48:28] [Render thread/WARN]: Missing sound for event: minecraft:entity.illusioner.hurt
[09:48:28] [Render thread/WARN]: Missing sound for event: minecraft:entity.illusioner.mirror_move
[09:48:28] [Render thread/WARN]: Missing sound for event: minecraft:entity.illusioner.prepare_blindness
[09:48:28] [Render thread/WARN]: Missing sound for event: minecraft:entity.illusioner.prepare_mirror
[09:48:28] [Render thread/WARN]: Missing sound for event: minecraft:item.ink_sac.use
[09:48:28] [Render thread/WARN]: Missing sound for event: minecraft:block.iron.break
[09:48:28] [Render thread/WARN]: Missing sound for event: minecraft:block.iron.step
[09:48:28] [Render thread/WARN]: Missing sound for event: minecraft:block.iron.place
[09:48:28] [Render thread/WARN]: Missing sound for event: minecraft:block.iron.hit
[09:48:28] [Render thread/WARN]: Missing sound for event: minecraft:block.iron.fall
[09:48:28] [Render thread/WARN]: Missing sound for event: minecraft:block.iron_door.close
[09:48:28] [Render thread/WARN]: Missing sound for event: minecraft:block.iron_door.open
[09:48:28] [Render thread/WARN]: Missing sound for event: minecraft:entity.iron_golem.attack
[09:48:28] [Render thread/WARN]: Missing sound for event: minecraft:entity.iron_golem.damage
[09:48:28] [Render thread/WARN]: Missing sound for event: minecraft:entity.iron_golem.death
[09:48:28] [Render thread/WARN]: Missing sound for event: minecraft:entity.iron_golem.hurt
[09:48:28] [Render thread/WARN]: Missing sound for event: minecraft:entity.iron_golem.repair
[09:48:28] [Render thread/WARN]: Missing sound for event: minecraft:entity.iron_golem.step
[09:48:28] [Render thread/WARN]: Missing sound for event: minecraft:block.iron_trapdoor.close
[09:48:28] [Render thread/WARN]: Missing sound for event: minecraft:block.iron_trapdoor.open
[09:48:28] [Render thread/WARN]: Missing sound for event: minecraft:entity.item_frame.add_item
[09:48:28] [Render thread/WARN]: Missing sound for event: minecraft:entity.item_frame.break
[09:48:28] [Render thread/WARN]: Missing sound for event: minecraft:entity.item_frame.place
[09:48:28] [Render thread/WARN]: Missing sound for event: minecraft:entity.item_frame.remove_item
[09:48:28] [Render thread/WARN]: Missing sound for event: minecraft:entity.item_frame.rotate_item
[09:48:28] [Render thread/WARN]: Missing sound for event: minecraft:entity.item.break
[09:48:28] [Render thread/WARN]: Missing sound for event: minecraft:entity.item.pickup
[09:48:28] [Render thread/WARN]: Missing sound for event: minecraft:block.ladder.break
[09:48:28] [Render thread/WARN]: Missing sound for event: minecraft:block.ladder.fall
[09:48:28] [Render thread/WARN]: Missing sound for event: minecraft:block.ladder.hit
[09:48:28] [Render thread/WARN]: Missing sound for event: minecraft:block.ladder.place
[09:48:28] [Render thread/WARN]: Missing sound for event: minecraft:block.ladder.step
[09:48:28] [Render thread/WARN]: Missing sound for event: minecraft:block.lantern.break
[09:48:28] [Render thread/WARN]: Missing sound for event: minecraft:block.lantern.fall
[09:48:28] [Render thread/WARN]: Missing sound for event: minecraft:block.lantern.hit
[09:48:28] [Render thread/WARN]: Missing sound for event: minecraft:block.lantern.place
[09:48:28] [Render thread/WARN]: Missing sound for event: minecraft:block.lantern.step
[09:48:28] [Render thread/WARN]: Missing sound for event: minecraft:block.large_amethyst_bud.break
[09:48:28] [Render thread/WARN]: Missing sound for event: minecraft:block.large_amethyst_bud.place
[09:48:28] [Render thread/WARN]: Missing sound for event: minecraft:block.lava.ambient
[09:48:28] [Render thread/WARN]: Missing sound for event: minecraft:block.lava.extinguish
[09:48:28] [Render thread/WARN]: Missing sound for event: minecraft:block.lava.pop
[09:48:28] [Render thread/WARN]: Missing sound for event: minecraft:block.leaf_litter.break
[09:48:28] [Render thread/WARN]: Missing sound for event: minecraft:block.leaf_litter.step
[09:48:28] [Render thread/WARN]: Missing sound for event: minecraft:block.leaf_litter.place
[09:48:28] [Render thread/WARN]: Missing sound for event: minecraft:block.leaf_litter.hit
[09:48:28] [Render thread/WARN]: Missing sound for event: minecraft:block.leaf_litter.fall
[09:48:28] [Render thread/WARN]: Missing sound for event: minecraft:item.lead.untied
[09:48:28] [Render thread/WARN]: Missing sound for event: minecraft:item.lead.tied
[09:48:28] [Render thread/WARN]: Missing sound for event: minecraft:item.lead.break
[09:48:28] [Render thread/WARN]: Missing sound for event: minecraft:block.lever.click
[09:48:28] [Render thread/WARN]: Missing sound for event: minecraft:entity.lightning_bolt.impact
[09:48:28] [Render thread/WARN]: Missing sound for event: minecraft:entity.lightning_bolt.thunder
[09:48:28] [Render thread/WARN]: Missing sound for event: minecraft:entity.lingering_potion.throw
[09:48:28] [Render thread/WARN]: Missing sound for event: minecraft:entity.llama.ambient
[09:48:28] [Render thread/WARN]: Missing sound for event: minecraft:entity.llama.angry
[09:48:28] [Render thread/WARN]: Missing sound for event: minecraft:entity.llama.chest
[09:48:28] [Render thread/WARN]: Missing sound for event: minecraft:entity.llama.death
[09:48:28] [Render thread/WARN]: Missing sound for event: minecraft:entity.llama.eat
[09:48:28] [Render thread/WARN]: Missing sound for event: minecraft:entity.llama.hurt
[09:48:28] [Render thread/WARN]: Missing sound for event: minecraft:entity.llama.spit
[09:48:28] [Render thread/WARN]: Missing sound for event: minecraft:entity.llama.step
[09:48:28] [Render thread/WARN]: Missing sound for event: minecraft:entity.llama.swag
[09:48:28] [Render thread/WARN]: Missing sound for event: minecraft:item.llama_carpet.unequip
[09:48:28] [Render thread/WARN]: Missing sound for event: minecraft:entity.magma_cube.death_small
[09:48:28] [Render thread/WARN]: Missing sound for event: minecraft:block.lodestone.break
[09:48:28] [Render thread/WARN]: Missing sound for event: minecraft:block.lodestone.step
[09:48:28] [Render thread/WARN]: Missing sound for event: minecraft:block.lodestone.place
[09:48:28] [Render thread/WARN]: Missing sound for event: minecraft:block.lodestone.hit
[09:48:28] [Render thread/WARN]: Missing sound for event: minecraft:block.lodestone.fall
[09:48:28] [Render thread/WARN]: Missing sound for event: minecraft:item.lodestone_compass.lock
[09:48:28] [Render thread/WARN]: Missing sound for event: minecraft:item.spear.lunge_1
[09:48:28] [Render thread/WARN]: Missing sound for event: minecraft:item.spear.lunge_2
[09:48:28] [Render thread/WARN]: Missing sound for event: minecraft:item.spear.lunge_3
[09:48:28] [Render thread/WARN]: Missing sound for event: minecraft:item.mace.smash_air
[09:48:28] [Render thread/WARN]: Missing sound for event: minecraft:item.mace.smash_ground
[09:48:28] [Render thread/WARN]: Missing sound for event: minecraft:item.mace.smash_ground_heavy
[09:48:28] [Render thread/WARN]: Missing sound for event: minecraft:entity.magma_cube.death
[09:48:28] [Render thread/WARN]: Missing sound for event: minecraft:entity.magma_cube.hurt
[09:48:28] [Render thread/WARN]: Missing sound for event: minecraft:entity.magma_cube.hurt_small
[09:48:28] [Render thread/WARN]: Missing sound for event: minecraft:entity.magma_cube.jump
[09:48:28] [Render thread/WARN]: Missing sound for event: minecraft:entity.magma_cube.squish
[09:48:28] [Render thread/WARN]: Missing sound for event: minecraft:entity.magma_cube.squish_small
[09:48:28] [Render thread/WARN]: Missing sound for event: minecraft:block.mangrove_roots.break
[09:48:28] [Render thread/WARN]: Missing sound for event: minecraft:block.mangrove_roots.fall
[09:48:28] [Render thread/WARN]: Missing sound for event: minecraft:block.mangrove_roots.hit
[09:48:28] [Render thread/WARN]: Missing sound for event: minecraft:block.mangrove_roots.place
[09:48:28] [Render thread/WARN]: Missing sound for event: minecraft:block.mangrove_roots.step
[09:48:28] [Render thread/WARN]: Missing sound for event: minecraft:block.medium_amethyst_bud.break
[09:48:28] [Render thread/WARN]: Missing sound for event: minecraft:block.medium_amethyst_bud.place
[09:48:28] [Render thread/WARN]: Missing sound for event: minecraft:block.metal.break
[09:48:28] [Render thread/WARN]: Missing sound for event: minecraft:block.metal.fall
[09:48:28] [Render thread/WARN]: Missing sound for event: minecraft:block.metal.hit
[09:48:28] [Render thread/WARN]: Missing sound for event: minecraft:block.metal.place
[09:48:28] [Render thread/WARN]: Missing sound for event: minecraft:block.metal_pressure_plate.click_off
[09:48:28] [Render thread/WARN]: Missing sound for event: minecraft:block.metal_pressure_plate.click_on
[09:48:28] [Render thread/WARN]: Missing sound for event: minecraft:block.metal.step
[09:48:28] [Render thread/WARN]: Missing sound for event: minecraft:entity.minecart.inside.underwater
[09:48:28] [Render thread/WARN]: Missing sound for event: minecraft:entity.minecart.inside
[09:48:28] [Render thread/WARN]: Missing sound for event: minecraft:entity.minecart.riding
[09:48:28] [Render thread/WARN]: Missing sound for event: minecraft:entity.mooshroom.convert
[09:48:28] [Render thread/WARN]: Missing sound for event: minecraft:entity.mooshroom.eat
[09:48:28] [Render thread/WARN]: Missing sound for event: minecraft:entity.mooshroom.milk
[09:48:28] [Render thread/WARN]: Missing sound for event: minecraft:entity.mooshroom.suspicious_milk
[09:48:28] [Render thread/WARN]: Missing sound for event: minecraft:entity.mooshroom.shear
[09:48:28] [Render thread/WARN]: Missing sound for event: minecraft:block.moss_carpet.break
[09:48:28] [Render thread/WARN]: Missing sound for event: minecraft:block.moss_carpet.fall
[09:48:28] [Render thread/WARN]: Missing sound for event: minecraft:block.moss_carpet.hit
[09:48:28] [Render thread/WARN]: Missing sound for event: minecraft:block.moss_carpet.place
[09:48:28] [Render thread/WARN]: Missing sound for event: minecraft:block.moss_carpet.step
[09:48:28] [Render thread/WARN]: Missing sound for event: minecraft:block.pink_petals.break
[09:48:28] [Render thread/WARN]: Missing sound for event: minecraft:block.pink_petals.fall
[09:48:28] [Render thread/WARN]: Missing sound for event: minecraft:block.pink_petals.hit
[09:48:28] [Render thread/WARN]: Missing sound for event: minecraft:block.pink_petals.place
[09:48:28] [Render thread/WARN]: Missing sound for event: minecraft:block.pink_petals.step
[09:48:28] [Render thread/WARN]: Missing sound for event: minecraft:block.moss.break
[09:48:28] [Render thread/WARN]: Missing sound for event: minecraft:block.moss.fall
[09:48:28] [Render thread/WARN]: Missing sound for event: minecraft:block.moss.hit
[09:48:28] [Render thread/WARN]: Missing sound for event: minecraft:block.moss.place
[09:48:28] [Render thread/WARN]: Missing sound for event: minecraft:block.moss.step
[09:48:28] [Render thread/WARN]: Missing sound for event: minecraft:block.mud.break
[09:48:28] [Render thread/WARN]: Missing sound for event: minecraft:block.mud.fall
[09:48:28] [Render thread/WARN]: Missing sound for event: minecraft:block.mud.hit
[09:48:28] [Render thread/WARN]: Missing sound for event: minecraft:block.mud.place
[09:48:28] [Render thread/WARN]: Missing sound for event: minecraft:block.mud.step
[09:48:28] [Render thread/WARN]: Missing sound for event: minecraft:block.mud_bricks.break
[09:48:28] [Render thread/WARN]: Missing sound for event: minecraft:block.mud_bricks.fall
[09:48:28] [Render thread/WARN]: Missing sound for event: minecraft:block.mud_bricks.hit
[09:48:28] [Render thread/WARN]: Missing sound for event: minecraft:block.mud_bricks.place
[09:48:28] [Render thread/WARN]: Missing sound for event: minecraft:block.mud_bricks.step
[09:48:28] [Render thread/WARN]: Missing sound for event: minecraft:block.muddy_mangrove_roots.break
[09:48:28] [Render thread/WARN]: Missing sound for event: minecraft:block.muddy_mangrove_roots.fall
[09:48:28] [Render thread/WARN]: Missing sound for event: minecraft:block.muddy_mangrove_roots.hit
[09:48:28] [Render thread/WARN]: Missing sound for event: minecraft:block.muddy_mangrove_roots.place
[09:48:28] [Render thread/WARN]: Missing sound for event: minecraft:block.muddy_mangrove_roots.step
[09:48:28] [Render thread/WARN]: Missing sound for event: minecraft:entity.mule.ambient
[09:48:28] [Render thread/WARN]: Missing sound for event: minecraft:entity.mule.angry
[09:48:28] [Render thread/WARN]: Missing sound for event: minecraft:entity.mule.chest
[09:48:28] [Render thread/WARN]: Missing sound for event: minecraft:entity.mule.death
[09:48:28] [Render thread/WARN]: Missing sound for event: minecraft:entity.mule.eat
[09:48:28] [Render thread/WARN]: Missing sound for event: minecraft:entity.mule.hurt
[09:48:28] [Render thread/WARN]: Missing sound for event: minecraft:entity.mule.jump
[09:48:28] [Render thread/WARN]: Missing sound for event: minecraft:music.creative
[09:48:28] [Render thread/WARN]: Missing sound for event: minecraft:music.credits
[09:48:28] [Render thread/WARN]: Missing sound for event: minecraft:music_disc.5
[09:48:28] [Render thread/WARN]: Missing sound for event: minecraft:music_disc.11
[09:48:28] [Render thread/WARN]: Missing sound for event: minecraft:music_disc.13
[09:48:28] [Render thread/WARN]: Missing sound for event: minecraft:music_disc.blocks
[09:48:28] [Render thread/WARN]: Missing sound for event: minecraft:music_disc.bounce
[09:48:28] [Render thread/WARN]: Missing sound for event: minecraft:music_disc.cat
[09:48:28] [Render thread/WARN]: Missing sound for event: minecraft:music_disc.chirp
[09:48:28] [Render thread/WARN]: Missing sound for event: minecraft:music_disc.far
[09:48:28] [Render thread/WARN]: Missing sound for event: minecraft:music_disc.lava_chicken
[09:48:28] [Render thread/WARN]: Missing sound for event: minecraft:music_disc.mall
[09:48:28] [Render thread/WARN]: Missing sound for event: minecraft:music_disc.mellohi
[09:48:28] [Render thread/WARN]: Missing sound for event: minecraft:music_disc.pigstep
[09:48:28] [Render thread/WARN]: Missing sound for event: minecraft:music_disc.stal
[09:48:28] [Render thread/WARN]: Missing sound for event: minecraft:music_disc.strad
[09:48:28] [Render thread/WARN]: Missing sound for event: minecraft:music_disc.wait
[09:48:28] [Render thread/WARN]: Missing sound for event: minecraft:music_disc.ward
[09:48:28] [Render thread/WARN]: Missing sound for event: minecraft:music_disc.otherside
[09:48:28] [Render thread/WARN]: Missing sound for event: minecraft:music_disc.relic
[09:48:28] [Render thread/WARN]: Missing sound for event: minecraft:music_disc.creator
[09:48:28] [Render thread/WARN]: Missing sound for event: minecraft:music_disc.creator_music_box
[09:48:28] [Render thread/WARN]: Missing sound for event: minecraft:music_disc.precipice
[09:48:28] [Render thread/WARN]: Missing sound for event: minecraft:music_disc.tears
[09:48:28] [Render thread/WARN]: Missing sound for event: minecraft:music.dragon
[09:48:28] [Render thread/WARN]: Missing sound for event: minecraft:music.end
[09:48:28] [Render thread/WARN]: Missing sound for event: minecraft:music.game
[09:48:28] [Render thread/WARN]: Missing sound for event: minecraft:music.menu
[09:48:28] [Render thread/WARN]: Missing sound for event: minecraft:music.nether.basalt_deltas
[09:48:28] [Render thread/WARN]: Missing sound for event: minecraft:music.nether.crimson_forest
[09:48:28] [Render thread/WARN]: Missing sound for event: minecraft:music.overworld.deep_dark
[09:48:28] [Render thread/WARN]: Missing sound for event: minecraft:music.overworld.dripstone_caves
[09:48:28] [Render thread/WARN]: Missing sound for event: minecraft:music.overworld.grove
[09:48:28] [Render thread/WARN]: Missing sound for event: minecraft:music.overworld.jagged_peaks
[09:48:28] [Render thread/WARN]: Missing sound for event: minecraft:music.overworld.lush_caves
[09:48:28] [Render thread/WARN]: Missing sound for event: minecraft:music.overworld.swamp
[09:48:28] [Render thread/WARN]: Missing sound for event: minecraft:music.overworld.forest
[09:48:28] [Render thread/WARN]: Missing sound for event: minecraft:music.overworld.old_growth_taiga
[09:48:28] [Render thread/WARN]: Missing sound for event: minecraft:music.overworld.meadow
[09:48:28] [Render thread/WARN]: Missing sound for event: minecraft:music.overworld.cherry_grove
[09:48:28] [Render thread/WARN]: Missing sound for event: minecraft:music.nether.nether_wastes
[09:48:28] [Render thread/WARN]: Missing sound for event: minecraft:music.overworld.frozen_peaks
[09:48:28] [Render thread/WARN]: Missing sound for event: minecraft:music.overworld.snowy_slopes
[09:48:28] [Render thread/WARN]: Missing sound for event: minecraft:music.nether.soul_sand_valley
[09:48:28] [Render thread/WARN]: Missing sound for event: minecraft:music.overworld.stony_peaks
[09:48:28] [Render thread/WARN]: Missing sound for event: minecraft:music.nether.warped_forest
[09:48:28] [Render thread/WARN]: Missing sound for event: minecraft:music.overworld.flower_forest
[09:48:28] [Render thread/WARN]: Missing sound for event: minecraft:music.overworld.desert
[09:48:28] [Render thread/WARN]: Missing sound for event: minecraft:music.overworld.badlands
[09:48:28] [Render thread/WARN]: Missing sound for event: minecraft:music.overworld.jungle
[09:48:28] [Render thread/WARN]: Missing sound for event: minecraft:music.overworld.sparse_jungle
[09:48:28] [Render thread/WARN]: Missing sound for event: minecraft:music.overworld.bamboo_jungle
[09:48:28] [Render thread/WARN]: Missing sound for event: minecraft:music.overworld.sulfur_caves
[09:48:28] [Render thread/WARN]: Missing sound for event: minecraft:music.under_water
[09:48:28] [Render thread/WARN]: Missing sound for event: minecraft:entity.nautilus.ambient
[09:48:28] [Render thread/WARN]: Missing sound for event: minecraft:entity.nautilus.ambient_land
[09:48:28] [Render thread/WARN]: Missing sound for event: minecraft:entity.nautilus.dash
[09:48:28] [Render thread/WARN]: Missing sound for event: minecraft:entity.nautilus.dash_land
[09:48:28] [Render thread/WARN]: Missing sound for event: minecraft:entity.nautilus.dash_ready
[09:48:28] [Render thread/WARN]: Missing sound for event: minecraft:entity.nautilus.dash_ready_land
[09:48:28] [Render thread/WARN]: Missing sound for event: minecraft:entity.nautilus.death
[09:48:28] [Render thread/WARN]: Missing sound for event: minecraft:entity.nautilus.death_land
[09:48:28] [Render thread/WARN]: Missing sound for event: minecraft:entity.nautilus.eat
[09:48:28] [Render thread/WARN]: Missing sound for event: minecraft:entity.nautilus.hurt
[09:48:28] [Render thread/WARN]: Missing sound for event: minecraft:entity.nautilus.hurt_land
[09:48:28] [Render thread/WARN]: Missing sound for event: minecraft:entity.nautilus.swim
[09:48:28] [Render thread/WARN]: Missing sound for event: minecraft:block.nether_bricks.break
[09:48:28] [Render thread/WARN]: Missing sound for event: minecraft:block.nether_bricks.step
[09:48:28] [Render thread/WARN]: Missing sound for event: minecraft:block.nether_bricks.place
[09:48:28] [Render thread/WARN]: Missing sound for event: minecraft:block.nether_bricks.hit
[09:48:28] [Render thread/WARN]: Missing sound for event: minecraft:block.nether_bricks.fall
[09:48:28] [Render thread/WARN]: Missing sound for event: minecraft:block.nether_wart.break
[09:48:28] [Render thread/WARN]: Missing sound for event: minecraft:item.nether_wart.plant
[09:48:28] [Render thread/WARN]: Missing sound for event: minecraft:block.nether_wood.break
[09:48:28] [Render thread/WARN]: Missing sound for event: minecraft:block.nether_wood.fall
[09:48:28] [Render thread/WARN]: Missing sound for event: minecraft:block.nether_wood.hit
[09:48:28] [Render thread/WARN]: Missing sound for event: minecraft:block.nether_wood.place
[09:48:28] [Render thread/WARN]: Missing sound for event: minecraft:block.nether_wood.step
[09:48:28] [Render thread/WARN]: Missing sound for event: minecraft:block.nether_wood_door.close
[09:48:28] [Render thread/WARN]: Missing sound for event: minecraft:block.nether_wood_door.open
[09:48:28] [Render thread/WARN]: Missing sound for event: minecraft:block.nether_wood_trapdoor.close
[09:48:28] [Render thread/WARN]: Missing sound for event: minecraft:block.nether_wood_trapdoor.open
[09:48:28] [Render thread/WARN]: Missing sound for event: minecraft:block.nether_wood_button.click_off
[09:48:28] [Render thread/WARN]: Missing sound for event: minecraft:block.nether_wood_button.click_on
[09:48:28] [Render thread/WARN]: Missing sound for event: minecraft:block.nether_wood_pressure_plate.click_off
[09:48:28] [Render thread/WARN]: Missing sound for event: minecraft:block.nether_wood_pressure_plate.click_on
[09:48:28] [Render thread/WARN]: Missing sound for event: minecraft:block.nether_wood_fence_gate.close
[09:48:28] [Render thread/WARN]: Missing sound for event: minecraft:block.nether_wood_fence_gate.open
[09:48:28] [Render thread/WARN]: Missing sound for event: minecraft:block.packed_mud.break
[09:48:28] [Render thread/WARN]: Missing sound for event: minecraft:block.packed_mud.fall
[09:48:28] [Render thread/WARN]: Missing sound for event: minecraft:block.packed_mud.hit
[09:48:28] [Render thread/WARN]: Missing sound for event: minecraft:block.packed_mud.place
[09:48:28] [Render thread/WARN]: Missing sound for event: minecraft:block.packed_mud.step
[09:48:28] [Render thread/WARN]: Missing sound for event: minecraft:block.stem.break
[09:48:28] [Render thread/WARN]: Missing sound for event: minecraft:block.stem.step
[09:48:28] [Render thread/WARN]: Missing sound for event: minecraft:block.stem.place
[09:48:28] [Render thread/WARN]: Missing sound for event: minecraft:block.stem.hit
[09:48:28] [Render thread/WARN]: Missing sound for event: minecraft:block.stem.fall
[09:48:28] [Render thread/WARN]: Missing sound for event: minecraft:block.nylium.break
[09:48:28] [Render thread/WARN]: Missing sound for event: minecraft:block.nylium.step
[09:48:28] [Render thread/WARN]: Missing sound for event: minecraft:block.nylium.place
[09:48:28] [Render thread/WARN]: Missing sound for event: minecraft:block.nylium.hit
[09:48:28] [Render thread/WARN]: Missing sound for event: minecraft:block.nylium.fall
[09:48:28] [Render thread/WARN]: Missing sound for event: minecraft:block.nether_sprouts.break
[09:48:28] [Render thread/WARN]: Missing sound for event: minecraft:block.nether_sprouts.step
[09:48:28] [Render thread/WARN]: Missing sound for event: minecraft:block.nether_sprouts.place
[09:48:28] [Render thread/WARN]: Missing sound for event: minecraft:block.nether_sprouts.hit
[09:48:28] [Render thread/WARN]: Missing sound for event: minecraft:block.nether_sprouts.fall
[09:48:28] [Render thread/WARN]: Missing sound for event: minecraft:block.fungus.break
[09:48:28] [Render thread/WARN]: Missing sound for event: minecraft:block.fungus.step
[09:48:28] [Render thread/WARN]: Missing sound for event: minecraft:block.fungus.place
[09:48:28] [Render thread/WARN]: Missing sound for event: minecraft:block.fungus.hit
[09:48:28] [Render thread/WARN]: Missing sound for event: minecraft:block.fungus.fall
[09:48:28] [Render thread/WARN]: Missing sound for event: minecraft:block.weeping_vines.break
[09:48:28] [Render thread/WARN]: Missing sound for event: minecraft:block.weeping_vines.step
[09:48:28] [Render thread/WARN]: Missing sound for event: minecraft:block.weeping_vines.place
[09:48:28] [Render thread/WARN]: Missing sound for event: minecraft:block.weeping_vines.hit
[09:48:28] [Render thread/WARN]: Missing sound for event: minecraft:block.weeping_vines.fall
[09:48:28] [Render thread/WARN]: Missing sound for event: minecraft:block.wart_block.break
[09:48:28] [Render thread/WARN]: Missing sound for event: minecraft:block.wart_block.step
[09:48:28] [Render thread/WARN]: Missing sound for event: minecraft:block.wart_block.place
[09:48:28] [Render thread/WARN]: Missing sound for event: minecraft:block.wart_block.hit
[09:48:28] [Render thread/WARN]: Missing sound for event: minecraft:block.wart_block.fall
[09:48:28] [Render thread/WARN]: Missing sound for event: minecraft:block.netherite_block.break
[09:48:28] [Render thread/WARN]: Missing sound for event: minecraft:block.netherite_block.step
[09:48:28] [Render thread/WARN]: Missing sound for event: minecraft:block.netherite_block.place
[09:48:28] [Render thread/WARN]: Missing sound for event: minecraft:block.netherite_block.hit
[09:48:28] [Render thread/WARN]: Missing sound for event: minecraft:block.netherite_block.fall
[09:48:28] [Render thread/WARN]: Missing sound for event: minecraft:block.netherrack.break
[09:48:28] [Render thread/WARN]: Missing sound for event: minecraft:block.netherrack.step
[09:48:28] [Render thread/WARN]: Missing sound for event: minecraft:block.netherrack.place
[09:48:28] [Render thread/WARN]: Missing sound for event: minecraft:block.netherrack.hit
[09:48:28] [Render thread/WARN]: Missing sound for event: minecraft:block.netherrack.fall
[09:48:28] [Render thread/WARN]: Missing sound for event: minecraft:block.note_block.basedrum
[09:48:28] [Render thread/WARN]: Missing sound for event: minecraft:block.note_block.bass
[09:48:28] [Render thread/WARN]: Missing sound for event: minecraft:block.note_block.bell
[09:48:28] [Render thread/WARN]: Missing sound for event: minecraft:block.note_block.chime
[09:48:28] [Render thread/WARN]: Missing sound for event: minecraft:block.note_block.flute
[09:48:28] [Render thread/WARN]: Missing sound for event: minecraft:block.note_block.guitar
[09:48:28] [Render thread/WARN]: Missing sound for event: minecraft:block.note_block.harp
[09:48:28] [Render thread/WARN]: Missing sound for event: minecraft:block.note_block.hat
[09:48:28] [Render thread/WARN]: Missing sound for event: minecraft:block.note_block.pling
[09:48:28] [Render thread/WARN]: Missing sound for event: minecraft:block.note_block.snare
[09:48:28] [Render thread/WARN]: Missing sound for event: minecraft:block.note_block.trumpet
[09:48:28] [Render thread/WARN]: Missing sound for event: minecraft:block.note_block.trumpet_exposed
[09:48:28] [Render thread/WARN]: Missing sound for event: minecraft:block.note_block.trumpet_oxidized
[09:48:28] [Render thread/WARN]: Missing sound for event: minecraft:block.note_block.trumpet_weathered
[09:48:28] [Render thread/WARN]: Missing sound for event: minecraft:block.note_block.xylophone
[09:48:28] [Render thread/WARN]: Missing sound for event: minecraft:block.note_block.iron_xylophone
[09:48:28] [Render thread/WARN]: Missing sound for event: minecraft:block.note_block.cow_bell
[09:48:28] [Render thread/WARN]: Missing sound for event: minecraft:block.note_block.didgeridoo
[09:48:28] [Render thread/WARN]: Missing sound for event: minecraft:block.note_block.bit
[09:48:28] [Render thread/WARN]: Missing sound for event: minecraft:block.note_block.banjo
[09:48:28] [Render thread/WARN]: Missing sound for event: minecraft:block.note_block.imitate.zombie
[09:48:28] [Render thread/WARN]: Missing sound for event: minecraft:block.note_block.imitate.skeleton
[09:48:28] [Render thread/WARN]: Missing sound for event: minecraft:block.note_block.imitate.creeper
[09:48:28] [Render thread/WARN]: Missing sound for event: minecraft:block.note_block.imitate.ender_dragon
[09:48:28] [Render thread/WARN]: Missing sound for event: minecraft:block.note_block.imitate.wither_skeleton
[09:48:28] [Render thread/WARN]: Missing sound for event: minecraft:block.note_block.imitate.piglin
[09:48:28] [Render thread/WARN]: Missing sound for event: minecraft:entity.ocelot.hurt
[09:48:28] [Render thread/WARN]: Missing sound for event: minecraft:entity.ocelot.ambient
[09:48:28] [Render thread/WARN]: Missing sound for event: minecraft:entity.ocelot.death
[09:48:28] [Render thread/WARN]: Missing sound for event: minecraft:item.ominous_bottle.dispose
[09:48:28] [Render thread/WARN]: Missing sound for event: minecraft:entity.painting.break
[09:48:28] [Render thread/WARN]: Missing sound for event: minecraft:entity.painting.place
[09:48:28] [Render thread/WARN]: Missing sound for event: minecraft:block.pale_hanging_moss.idle
[09:48:28] [Render thread/WARN]: Missing sound for event: minecraft:entity.panda.pre_sneeze
[09:48:28] [Render thread/WARN]: Missing sound for event: minecraft:entity.panda.sneeze
[09:48:28] [Render thread/WARN]: Missing sound for event: minecraft:entity.panda.ambient
[09:48:28] [Render thread/WARN]: Missing sound for event: minecraft:entity.panda.death
[09:48:28] [Render thread/WARN]: Missing sound for event: minecraft:entity.panda.eat
[09:48:28] [Render thread/WARN]: Missing sound for event: minecraft:entity.panda.step
[09:48:28] [Render thread/WARN]: Missing sound for event: minecraft:entity.panda.cant_breed
[09:48:28] [Render thread/WARN]: Missing sound for event: minecraft:entity.panda.aggressive_ambient
[09:48:28] [Render thread/WARN]: Missing sound for event: minecraft:entity.panda.worried_ambient
[09:48:28] [Render thread/WARN]: Missing sound for event: minecraft:entity.panda.hurt
[09:48:28] [Render thread/WARN]: Missing sound for event: minecraft:entity.panda.bite
[09:48:28] [Render thread/WARN]: Missing sound for event: minecraft:entity.parched.ambient
[09:48:28] [Render thread/WARN]: Missing sound for event: minecraft:entity.parched.death
[09:48:28] [Render thread/WARN]: Missing sound for event: minecraft:entity.parched.hurt
[09:48:28] [Render thread/WARN]: Missing sound for event: minecraft:entity.parched.step
[09:48:28] [Render thread/WARN]: Missing sound for event: minecraft:entity.parrot.ambient
[09:48:28] [Render thread/WARN]: Missing sound for event: minecraft:entity.parrot.death
[09:48:28] [Render thread/WARN]: Missing sound for event: minecraft:entity.parrot.eat
[09:48:28] [Render thread/WARN]: Missing sound for event: minecraft:entity.parrot.fly
[09:48:28] [Render thread/WARN]: Missing sound for event: minecraft:entity.parrot.hurt
[09:48:28] [Render thread/WARN]: Missing sound for event: minecraft:entity.parrot.imitate.blaze
[09:48:28] [Render thread/WARN]: Missing sound for event: minecraft:entity.parrot.imitate.bogged
[09:48:28] [Render thread/WARN]: Missing sound for event: minecraft:entity.parrot.imitate.breeze
[09:48:28] [Render thread/WARN]: Missing sound for event: minecraft:entity.parrot.imitate.camel_husk
[09:48:28] [Render thread/WARN]: Missing sound for event: minecraft:entity.parrot.imitate.creaking
[09:48:28] [Render thread/WARN]: Missing sound for event: minecraft:entity.parrot.imitate.creeper
[09:48:28] [Render thread/WARN]: Missing sound for event: minecraft:entity.parrot.imitate.drowned
[09:48:28] [Render thread/WARN]: Missing sound for event: minecraft:entity.parrot.imitate.elder_guardian
[09:48:28] [Render thread/WARN]: Missing sound for event: minecraft:entity.parrot.imitate.ender_dragon
[09:48:28] [Render thread/WARN]: Missing sound for event: minecraft:entity.parrot.imitate.endermite
[09:48:28] [Render thread/WARN]: Missing sound for event: minecraft:entity.parrot.imitate.evoker
[09:48:28] [Render thread/WARN]: Missing sound for event: minecraft:entity.parrot.imitate.ghast
[09:48:28] [Render thread/WARN]: Missing sound for event: minecraft:entity.parrot.imitate.guardian
[09:48:28] [Render thread/WARN]: Missing sound for event: minecraft:entity.parrot.imitate.hoglin
[09:48:28] [Render thread/WARN]: Missing sound for event: minecraft:entity.parrot.imitate.husk
[09:48:28] [Render thread/WARN]: Missing sound for event: minecraft:entity.parrot.imitate.illusioner
[09:48:28] [Render thread/WARN]: Missing sound for event: minecraft:entity.parrot.imitate.magma_cube
[09:48:28] [Render thread/WARN]: Missing sound for event: minecraft:entity.parrot.imitate.phantom
[09:48:28] [Render thread/WARN]: Missing sound for event: minecraft:entity.parrot.imitate.parched
[09:48:28] [Render thread/WARN]: Missing sound for event: minecraft:entity.parrot.imitate.piglin
[09:48:28] [Render thread/WARN]: Missing sound for event: minecraft:entity.parrot.imitate.piglin_brute
[09:48:28] [Render thread/WARN]: Missing sound for event: minecraft:entity.parrot.imitate.pillager
[09:48:28] [Render thread/WARN]: Missing sound for event: minecraft:entity.parrot.imitate.ravager
[09:48:28] [Render thread/WARN]: Missing sound for event: minecraft:entity.parrot.imitate.shulker
[09:48:28] [Render thread/WARN]: Missing sound for event: minecraft:entity.parrot.imitate.silverfish
[09:48:28] [Render thread/WARN]: Missing sound for event: minecraft:entity.parrot.imitate.skeleton
[09:48:28] [Render thread/WARN]: Missing sound for event: minecraft:entity.parrot.imitate.slime
[09:48:28] [Render thread/WARN]: Missing sound for event: minecraft:entity.parrot.imitate.spider
[09:48:28] [Render thread/WARN]: Missing sound for event: minecraft:entity.parrot.imitate.stray
[09:48:28] [Render thread/WARN]: Missing sound for event: minecraft:entity.parrot.imitate.vex
[09:48:28] [Render thread/WARN]: Missing sound for event: minecraft:entity.parrot.imitate.vindicator
[09:48:28] [Render thread/WARN]: Missing sound for event: minecraft:entity.parrot.imitate.warden
[09:48:28] [Render thread/WARN]: Missing sound for event: minecraft:entity.parrot.imitate.witch
[09:48:28] [Render thread/WARN]: Missing sound for event: minecraft:entity.parrot.imitate.wither
[09:48:28] [Render thread/WARN]: Missing sound for event: minecraft:entity.parrot.imitate.wither_skeleton
[09:48:28] [Render thread/WARN]: Missing sound for event: minecraft:entity.parrot.imitate.zoglin
[09:48:28] [Render thread/WARN]: Missing sound for event: minecraft:entity.parrot.imitate.zombie
[09:48:28] [Render thread/WARN]: Missing sound for event: minecraft:entity.parrot.imitate.zombie_horse
[09:48:28] [Render thread/WARN]: Missing sound for event: minecraft:entity.parrot.imitate.zombie_nautilus
[09:48:28] [Render thread/WARN]: Missing sound for event: minecraft:entity.parrot.imitate.zombie_villager
[09:48:28] [Render thread/WARN]: Missing sound for event: minecraft:entity.parrot.step
[09:48:28] [Render thread/WARN]: Missing sound for event: minecraft:entity.phantom.ambient
[09:48:28] [Render thread/WARN]: Missing sound for event: minecraft:entity.phantom.bite
[09:48:28] [Render thread/WARN]: Missing sound for event: minecraft:entity.phantom.death
[09:48:28] [Render thread/WARN]: Missing sound for event: minecraft:entity.phantom.flap
[09:48:28] [Render thread/WARN]: Missing sound for event: minecraft:entity.phantom.hurt
[09:48:28] [Render thread/WARN]: Missing sound for event: minecraft:entity.phantom.swoop
[09:48:28] [Render thread/WARN]: Missing sound for event: minecraft:entity.pig.saddle
[09:48:28] [Render thread/WARN]: Missing sound for event: minecraft:entity.pig.step
[09:48:28] [Render thread/WARN]: Missing sound for event: minecraft:entity.baby_pig.step
[09:48:28] [Render thread/WARN]: Missing sound for event: minecraft:entity.baby_pig.ambient
[09:48:28] [Render thread/WARN]: Missing sound for event: minecraft:entity.baby_pig.eat
[09:48:28] [Render thread/WARN]: Missing sound for event: minecraft:entity.baby_pig.hurt
[09:48:28] [Render thread/WARN]: Missing sound for event: minecraft:entity.baby_pig.death
[09:48:28] [Render thread/WARN]: Missing sound for event: minecraft:entity.pig.ambient
[09:48:28] [Render thread/WARN]: Missing sound for event: minecraft:entity.pig.hurt
[09:48:28] [Render thread/WARN]: Missing sound for event: minecraft:entity.pig.death
[09:48:28] [Render thread/WARN]: Missing sound for event: minecraft:entity.pig.eat
[09:48:28] [Render thread/WARN]: Missing sound for event: minecraft:entity.pig_mini.ambient
[09:48:28] [Render thread/WARN]: Missing sound for event: minecraft:entity.pig_mini.hurt
[09:48:28] [Render thread/WARN]: Missing sound for event: minecraft:entity.pig_mini.death
[09:48:28] [Render thread/WARN]: Missing sound for event: minecraft:entity.pig_mini.eat
[09:48:28] [Render thread/WARN]: Missing sound for event: minecraft:entity.pig_big.ambient
[09:48:28] [Render thread/WARN]: Missing sound for event: minecraft:entity.pig_big.hurt
[09:48:28] [Render thread/WARN]: Missing sound for event: minecraft:entity.pig_big.death
[09:48:28] [Render thread/WARN]: Missing sound for event: minecraft:entity.pig_big.eat
[09:48:28] [Render thread/WARN]: Missing sound for event: minecraft:entity.piglin.admiring_item
[09:48:28] [Render thread/WARN]: Missing sound for event: minecraft:entity.piglin.ambient
[09:48:28] [Render thread/WARN]: Missing sound for event: minecraft:entity.piglin.angry
[09:48:28] [Render thread/WARN]: Missing sound for event: minecraft:entity.piglin.celebrate
[09:48:28] [Render thread/WARN]: Missing sound for event: minecraft:entity.piglin.death
[09:48:28] [Render thread/WARN]: Missing sound for event: minecraft:entity.piglin.jealous
[09:48:28] [Render thread/WARN]: Missing sound for event: minecraft:entity.piglin.hurt
[09:48:28] [Render thread/WARN]: Missing sound for event: minecraft:entity.piglin.retreat
[09:48:28] [Render thread/WARN]: Missing sound for event: minecraft:entity.piglin.step
[09:48:28] [Render thread/WARN]: Missing sound for event: minecraft:entity.piglin.converted_to_zombified
[09:48:28] [Render thread/WARN]: Missing sound for event: minecraft:entity.piglin_brute.ambient
[09:48:28] [Render thread/WARN]: Missing sound for event: minecraft:entity.piglin_brute.angry
[09:48:28] [Render thread/WARN]: Missing sound for event: minecraft:entity.piglin_brute.death
[09:48:28] [Render thread/WARN]: Missing sound for event: minecraft:entity.piglin_brute.hurt
[09:48:28] [Render thread/WARN]: Missing sound for event: minecraft:entity.piglin_brute.step
[09:48:28] [Render thread/WARN]: Missing sound for event: minecraft:entity.piglin_brute.converted_to_zombified
[09:48:28] [Render thread/WARN]: Missing sound for event: minecraft:entity.pillager.ambient
[09:48:28] [Render thread/WARN]: Missing sound for event: minecraft:entity.pillager.celebrate
[09:48:28] [Render thread/WARN]: Missing sound for event: minecraft:entity.pillager.death
[09:48:28] [Render thread/WARN]: Missing sound for event: minecraft:entity.pillager.hurt
[09:48:28] [Render thread/WARN]: Missing sound for event: minecraft:block.piston.contract
[09:48:28] [Render thread/WARN]: Missing sound for event: minecraft:block.piston.extend
[09:48:28] [Render thread/WARN]: Missing sound for event: minecraft:entity.player.attack.crit
[09:48:28] [Render thread/WARN]: Missing sound for event: minecraft:entity.player.attack.knockback
[09:48:28] [Render thread/WARN]: Missing sound for event: minecraft:entity.player.attack.nodamage
[09:48:28] [Render thread/WARN]: Missing sound for event: minecraft:entity.player.attack.strong
[09:48:28] [Render thread/WARN]: Missing sound for event: minecraft:entity.player.attack.sweep
[09:48:28] [Render thread/WARN]: Missing sound for event: minecraft:entity.player.attack.weak
[09:48:28] [Render thread/WARN]: Missing sound for event: minecraft:entity.player.big_fall
[09:48:28] [Render thread/WARN]: Missing sound for event: minecraft:entity.player.breath
[09:48:28] [Render thread/WARN]: Missing sound for event: minecraft:entity.player.burp
[09:48:28] [Render thread/WARN]: Missing sound for event: minecraft:entity.player.death
[09:48:28] [Render thread/WARN]: Missing sound for event: minecraft:entity.player.hurt
[09:48:28] [Render thread/WARN]: Missing sound for event: minecraft:entity.player.hurt_drown
[09:48:28] [Render thread/WARN]: Missing sound for event: minecraft:entity.player.hurt_freeze
[09:48:28] [Render thread/WARN]: Missing sound for event: minecraft:entity.player.hurt_on_fire
[09:48:28] [Render thread/WARN]: Missing sound for event: minecraft:entity.player.hurt_sweet_berry_bush
[09:48:28] [Render thread/WARN]: Missing sound for event: minecraft:entity.player.levelup
[09:48:28] [Render thread/WARN]: Missing sound for event: minecraft:entity.player.small_fall
[09:48:28] [Render thread/WARN]: Missing sound for event: minecraft:entity.player.splash
[09:48:28] [Render thread/WARN]: Missing sound for event: minecraft:entity.player.splash.high_speed
[09:48:28] [Render thread/WARN]: Missing sound for event: minecraft:entity.player.swim
[09:48:28] [Render thread/WARN]: Missing sound for event: minecraft:entity.player.teleport
[09:48:28] [Render thread/WARN]: Missing sound for event: minecraft:entity.polar_bear.ambient
[09:48:28] [Render thread/WARN]: Missing sound for event: minecraft:entity.polar_bear.ambient_baby
[09:48:28] [Render thread/WARN]: Missing sound for event: minecraft:entity.polar_bear.death
[09:48:28] [Render thread/WARN]: Missing sound for event: minecraft:entity.polar_bear.hurt
[09:48:28] [Render thread/WARN]: Missing sound for event: minecraft:entity.polar_bear.step
[09:48:28] [Render thread/WARN]: Missing sound for event: minecraft:entity.polar_bear.warning
[09:48:28] [Render thread/WARN]: Missing sound for event: minecraft:block.polished_deepslate.break
[09:48:28] [Render thread/WARN]: Missing sound for event: minecraft:block.polished_deepslate.fall
[09:48:28] [Render thread/WARN]: Missing sound for event: minecraft:block.polished_deepslate.hit
[09:48:28] [Render thread/WARN]: Missing sound for event: minecraft:block.polished_deepslate.place
[09:48:28] [Render thread/WARN]: Missing sound for event: minecraft:block.polished_deepslate.step
[09:48:28] [Render thread/WARN]: Missing sound for event: minecraft:block.portal.ambient
[09:48:28] [Render thread/WARN]: Missing sound for event: minecraft:block.portal.travel
[09:48:28] [Render thread/WARN]: Missing sound for event: minecraft:block.portal.trigger
[09:48:28] [Render thread/WARN]: Missing sound for event: minecraft:block.powder_snow.break
[09:48:28] [Render thread/WARN]: Missing sound for event: minecraft:block.powder_snow.fall
[09:48:28] [Render thread/WARN]: Missing sound for event: minecraft:block.powder_snow.hit
[09:48:28] [Render thread/WARN]: Missing sound for event: minecraft:block.powder_snow.place
[09:48:28] [Render thread/WARN]: Missing sound for event: minecraft:block.powder_snow.step
[09:48:28] [Render thread/WARN]: Missing sound for event: minecraft:entity.puffer_fish.blow_out
[09:48:28] [Render thread/WARN]: Missing sound for event: minecraft:entity.puffer_fish.blow_up
[09:48:28] [Render thread/WARN]: Missing sound for event: minecraft:entity.puffer_fish.death
[09:48:28] [Render thread/WARN]: Missing sound for event: minecraft:entity.puffer_fish.flop
[09:48:28] [Render thread/WARN]: Missing sound for event: minecraft:entity.puffer_fish.hurt
[09:48:28] [Render thread/WARN]: Missing sound for event: minecraft:entity.puffer_fish.sting
[09:48:28] [Render thread/WARN]: Missing sound for event: minecraft:block.pumpkin.carve
[09:48:28] [Render thread/WARN]: Missing sound for event: minecraft:entity.rabbit.ambient
[09:48:28] [Render thread/WARN]: Missing sound for event: minecraft:entity.rabbit.attack
[09:48:28] [Render thread/WARN]: Missing sound for event: minecraft:entity.rabbit.death
[09:48:28] [Render thread/WARN]: Missing sound for event: minecraft:entity.rabbit.hurt
[09:48:28] [Render thread/WARN]: Missing sound for event: minecraft:entity.rabbit.jump
[09:48:28] [Render thread/WARN]: Missing sound for event: minecraft:event.raid.horn
[09:48:28] [Render thread/WARN]: Missing sound for event: minecraft:entity.ravager.ambient
[09:48:28] [Render thread/WARN]: Missing sound for event: minecraft:entity.ravager.attack
[09:48:28] [Render thread/WARN]: Missing sound for event: minecraft:entity.ravager.celebrate
[09:48:28] [Render thread/WARN]: Missing sound for event: minecraft:entity.ravager.death
[09:48:28] [Render thread/WARN]: Missing sound for event: minecraft:entity.ravager.hurt
[09:48:28] [Render thread/WARN]: Missing sound for event: minecraft:entity.ravager.step
[09:48:28] [Render thread/WARN]: Missing sound for event: minecraft:entity.ravager.stunned
[09:48:28] [Render thread/WARN]: Missing sound for event: minecraft:entity.ravager.roar
[09:48:28] [Render thread/WARN]: Missing sound for event: minecraft:block.nether_gold_ore.break
[09:48:28] [Render thread/WARN]: Missing sound for event: minecraft:block.nether_gold_ore.fall
[09:48:28] [Render thread/WARN]: Missing sound for event: minecraft:block.nether_gold_ore.hit
[09:48:28] [Render thread/WARN]: Missing sound for event: minecraft:block.nether_gold_ore.place
[09:48:28] [Render thread/WARN]: Missing sound for event: minecraft:block.nether_gold_ore.step
[09:48:28] [Render thread/WARN]: Missing sound for event: minecraft:block.nether_ore.break
[09:48:28] [Render thread/WARN]: Missing sound for event: minecraft:block.nether_ore.fall
[09:48:28] [Render thread/WARN]: Missing sound for event: minecraft:block.nether_ore.hit
[09:48:28] [Render thread/WARN]: Missing sound for event: minecraft:block.nether_ore.place
[09:48:28] [Render thread/WARN]: Missing sound for event: minecraft:block.nether_ore.step
[09:48:28] [Render thread/WARN]: Missing sound for event: minecraft:block.redstone_torch.burnout
[09:48:28] [Render thread/WARN]: Missing sound for event: minecraft:block.resin.break
[09:48:28] [Render thread/WARN]: Missing sound for event: minecraft:block.resin.fall
[09:48:28] [Render thread/WARN]: Missing sound for event: minecraft:block.resin.place
[09:48:28] [Render thread/WARN]: Missing sound for event: minecraft:block.resin.step
[09:48:28] [Render thread/WARN]: Missing sound for event: minecraft:block.resin_bricks.break
[09:48:28] [Render thread/WARN]: Missing sound for event: minecraft:block.resin_bricks.fall
[09:48:28] [Render thread/WARN]: Missing sound for event: minecraft:block.resin_bricks.hit
[09:48:28] [Render thread/WARN]: Missing sound for event: minecraft:block.resin_bricks.place
[09:48:28] [Render thread/WARN]: Missing sound for event: minecraft:block.resin_bricks.step
[09:48:28] [Render thread/WARN]: Missing sound for event: minecraft:block.respawn_anchor.ambient
[09:48:28] [Render thread/WARN]: Missing sound for event: minecraft:block.respawn_anchor.charge
[09:48:28] [Render thread/WARN]: Missing sound for event: minecraft:block.respawn_anchor.deplete
[09:48:28] [Render thread/WARN]: Missing sound for event: minecraft:block.respawn_anchor.set_spawn
[09:48:28] [Render thread/WARN]: Missing sound for event: minecraft:block.rooted_dirt.break
[09:48:28] [Render thread/WARN]: Missing sound for event: minecraft:block.rooted_dirt.fall
[09:48:28] [Render thread/WARN]: Missing sound for event: minecraft:block.rooted_dirt.hit
[09:48:28] [Render thread/WARN]: Missing sound for event: minecraft:block.rooted_dirt.place
[09:48:28] [Render thread/WARN]: Missing sound for event: minecraft:block.rooted_dirt.step
[09:48:28] [Render thread/WARN]: Missing sound for event: minecraft:entity.salmon.ambient
[09:48:28] [Render thread/WARN]: Missing sound for event: minecraft:entity.salmon.death
[09:48:28] [Render thread/WARN]: Missing sound for event: minecraft:entity.salmon.flop
[09:48:28] [Render thread/WARN]: Missing sound for event: minecraft:entity.salmon.hurt
[09:48:28] [Render thread/WARN]: Missing sound for event: minecraft:block.sand.break
[09:48:28] [Render thread/WARN]: Missing sound for event: minecraft:block.sand.fall
[09:48:28] [Render thread/WARN]: Missing sound for event: minecraft:block.sand.hit
[09:48:28] [Render thread/WARN]: Missing sound for event: minecraft:block.sand.place
[09:48:28] [Render thread/WARN]: Missing sound for event: minecraft:block.sand.step
[09:48:28] [Render thread/WARN]: Missing sound for event: minecraft:block.sand.idle
[09:48:28] [Render thread/WARN]: Missing sound for event: minecraft:block.scaffolding.break
[09:48:28] [Render thread/WARN]: Missing sound for event: minecraft:block.scaffolding.fall
[09:48:28] [Render thread/WARN]: Missing sound for event: minecraft:block.scaffolding.hit
[09:48:28] [Render thread/WARN]: Missing sound for event: minecraft:block.scaffolding.place
[09:48:28] [Render thread/WARN]: Missing sound for event: minecraft:block.scaffolding.step
[09:48:28] [Render thread/WARN]: Missing sound for event: minecraft:block.sculk.spread
[09:48:28] [Render thread/WARN]: Missing sound for event: minecraft:block.sculk.charge
[09:48:28] [Render thread/WARN]: Missing sound for event: minecraft:block.sculk.break
[09:48:28] [Render thread/WARN]: Missing sound for event: minecraft:block.sculk.fall
[09:48:28] [Render thread/WARN]: Missing sound for event: minecraft:block.sculk.hit
[09:48:28] [Render thread/WARN]: Missing sound for event: minecraft:block.sculk.place
[09:48:28] [Render thread/WARN]: Missing sound for event: minecraft:block.sculk.step
[09:48:28] [Render thread/WARN]: Missing sound for event: minecraft:block.sculk_catalyst.bloom
[09:48:28] [Render thread/WARN]: Missing sound for event: minecraft:block.sculk_catalyst.break
[09:48:28] [Render thread/WARN]: Missing sound for event: minecraft:block.sculk_catalyst.fall
[09:48:28] [Render thread/WARN]: Missing sound for event: minecraft:block.sculk_catalyst.hit
[09:48:28] [Render thread/WARN]: Missing sound for event: minecraft:block.sculk_catalyst.place
[09:48:28] [Render thread/WARN]: Missing sound for event: minecraft:block.sculk_catalyst.step
[09:48:28] [Render thread/WARN]: Missing sound for event: minecraft:block.sculk_sensor.clicking
[09:48:28] [Render thread/WARN]: Missing sound for event: minecraft:block.sculk_sensor.clicking_stop
[09:48:28] [Render thread/WARN]: Missing sound for event: minecraft:block.sculk_sensor.break
[09:48:28] [Render thread/WARN]: Missing sound for event: minecraft:block.sculk_sensor.fall
[09:48:28] [Render thread/WARN]: Missing sound for event: minecraft:block.sculk_sensor.hit
[09:48:28] [Render thread/WARN]: Missing sound for event: minecraft:block.sculk_sensor.place
[09:48:28] [Render thread/WARN]: Missing sound for event: minecraft:block.sculk_sensor.step
[09:48:28] [Render thread/WARN]: Missing sound for event: minecraft:block.sculk_shrieker.break
[09:48:28] [Render thread/WARN]: Missing sound for event: minecraft:block.sculk_shrieker.fall
[09:48:28] [Render thread/WARN]: Missing sound for event: minecraft:block.sculk_shrieker.hit
[09:48:28] [Render thread/WARN]: Missing sound for event: minecraft:block.sculk_shrieker.place
[09:48:28] [Render thread/WARN]: Missing sound for event: minecraft:block.sculk_shrieker.shriek
[09:48:28] [Render thread/WARN]: Missing sound for event: minecraft:block.sculk_shrieker.step
[09:48:28] [Render thread/WARN]: Missing sound for event: minecraft:block.sculk_vein.break
[09:48:28] [Render thread/WARN]: Missing sound for event: minecraft:block.sculk_vein.fall
[09:48:28] [Render thread/WARN]: Missing sound for event: minecraft:block.sculk_vein.hit
[09:48:28] [Render thread/WARN]: Missing sound for event: minecraft:block.sculk_vein.place
[09:48:28] [Render thread/WARN]: Missing sound for event: minecraft:block.sculk_vein.step
[09:48:28] [Render thread/WARN]: Missing sound for event: minecraft:entity.sheep.ambient
[09:48:28] [Render thread/WARN]: Missing sound for event: minecraft:entity.sheep.death
[09:48:28] [Render thread/WARN]: Missing sound for event: minecraft:entity.sheep.hurt
[09:48:28] [Render thread/WARN]: Missing sound for event: minecraft:entity.sheep.shear
[09:48:28] [Render thread/WARN]: Missing sound for event: minecraft:entity.sheep.step
[09:48:28] [Render thread/WARN]: Missing sound for event: minecraft:item.shears.snip
[09:48:28] [Render thread/WARN]: Missing sound for event: minecraft:block.shelf.activate
[09:48:28] [Render thread/WARN]: Missing sound for event: minecraft:block.shelf.break
[09:48:28] [Render thread/WARN]: Missing sound for event: minecraft:block.shelf.deactivate
[09:48:28] [Render thread/WARN]: Missing sound for event: minecraft:block.shelf.fall
[09:48:28] [Render thread/WARN]: Missing sound for event: minecraft:block.shelf.hit
[09:48:28] [Render thread/WARN]: Missing sound for event: minecraft:block.shelf.multi_swap
[09:48:28] [Render thread/WARN]: Missing sound for event: minecraft:block.shelf.place
[09:48:28] [Render thread/WARN]: Missing sound for event: minecraft:block.shelf.place_item
[09:48:28] [Render thread/WARN]: Missing sound for event: minecraft:block.shelf.single_swap
[09:48:28] [Render thread/WARN]: Missing sound for event: minecraft:block.shelf.step
[09:48:28] [Render thread/WARN]: Missing sound for event: minecraft:block.shelf.take_item
[09:48:28] [Render thread/WARN]: Missing sound for event: minecraft:item.shield.block
[09:48:28] [Render thread/WARN]: Missing sound for event: minecraft:item.shield.break
[09:48:28] [Render thread/WARN]: Missing sound for event: minecraft:block.shroomlight.break
[09:48:28] [Render thread/WARN]: Missing sound for event: minecraft:block.shroomlight.step
[09:48:28] [Render thread/WARN]: Missing sound for event: minecraft:block.shroomlight.place
[09:48:28] [Render thread/WARN]: Missing sound for event: minecraft:block.shroomlight.hit
[09:48:28] [Render thread/WARN]: Missing sound for event: minecraft:block.shroomlight.fall
[09:48:28] [Render thread/WARN]: Missing sound for event: minecraft:item.shovel.flatten
[09:48:28] [Render thread/WARN]: Missing sound for event: minecraft:entity.shulker.ambient
[09:48:28] [Render thread/WARN]: Missing sound for event: minecraft:block.shulker_box.close
[09:48:28] [Render thread/WARN]: Missing sound for event: minecraft:block.shulker_box.open
[09:48:28] [Render thread/WARN]: Missing sound for event: minecraft:entity.shulker_bullet.hit
[09:48:28] [Render thread/WARN]: Missing sound for event: minecraft:entity.shulker_bullet.hurt
[09:48:28] [Render thread/WARN]: Missing sound for event: minecraft:entity.shulker.close
[09:48:28] [Render thread/WARN]: Missing sound for event: minecraft:entity.shulker.death
[09:48:28] [Render thread/WARN]: Missing sound for event: minecraft:entity.shulker.hurt
[09:48:28] [Render thread/WARN]: Missing sound for event: minecraft:entity.shulker.hurt_closed
[09:48:28] [Render thread/WARN]: Missing sound for event: minecraft:entity.shulker.open
[09:48:28] [Render thread/WARN]: Missing sound for event: minecraft:entity.shulker.shoot
[09:48:28] [Render thread/WARN]: Missing sound for event: minecraft:entity.shulker.teleport
[09:48:28] [Render thread/WARN]: Missing sound for event: minecraft:entity.silverfish.ambient
[09:48:28] [Render thread/WARN]: Missing sound for event: minecraft:entity.silverfish.death
[09:48:28] [Render thread/WARN]: Missing sound for event: minecraft:entity.silverfish.hurt
[09:48:28] [Render thread/WARN]: Missing sound for event: minecraft:entity.silverfish.step
[09:48:28] [Render thread/WARN]: Missing sound for event: minecraft:entity.skeleton.ambient
[09:48:28] [Render thread/WARN]: Missing sound for event: minecraft:entity.skeleton.converted_to_stray
[09:48:28] [Render thread/WARN]: Missing sound for event: minecraft:entity.skeleton.death
[09:48:28] [Render thread/WARN]: Missing sound for event: minecraft:entity.skeleton_horse.ambient
[09:48:28] [Render thread/WARN]: Missing sound for event: minecraft:entity.skeleton_horse.death
[09:48:28] [Render thread/WARN]: Missing sound for event: minecraft:entity.skeleton_horse.hurt
[09:48:28] [Render thread/WARN]: Missing sound for event: minecraft:entity.skeleton_horse.swim
[09:48:28] [Render thread/WARN]: Missing sound for event: minecraft:entity.skeleton_horse.ambient_water
[09:48:28] [Render thread/WARN]: Missing sound for event: minecraft:entity.skeleton_horse.gallop_water
[09:48:28] [Render thread/WARN]: Missing sound for event: minecraft:entity.skeleton_horse.jump_water
[09:48:28] [Render thread/WARN]: Missing sound for event: minecraft:entity.skeleton_horse.step_water
[09:48:28] [Render thread/WARN]: Missing sound for event: minecraft:entity.skeleton.hurt
[09:48:28] [Render thread/WARN]: Missing sound for event: minecraft:entity.skeleton.shoot
[09:48:28] [Render thread/WARN]: Missing sound for event: minecraft:entity.skeleton.step
[09:48:28] [Render thread/WARN]: Missing sound for event: minecraft:entity.slime.attack
[09:48:28] [Render thread/WARN]: Missing sound for event: minecraft:entity.slime.death
[09:48:28] [Render thread/WARN]: Missing sound for event: minecraft:entity.slime.hurt
[09:48:29] [Render thread/WARN]: Missing sound for event: minecraft:entity.slime.jump
[09:48:29] [Render thread/WARN]: Missing sound for event: minecraft:entity.slime.squish
[09:48:29] [Render thread/WARN]: Missing sound for event: minecraft:block.slime_block.break
[09:48:29] [Render thread/WARN]: Missing sound for event: minecraft:block.slime_block.fall
[09:48:29] [Render thread/WARN]: Missing sound for event: minecraft:block.slime_block.hit
[09:48:29] [Render thread/WARN]: Missing sound for event: minecraft:block.slime_block.place
[09:48:29] [Render thread/WARN]: Missing sound for event: minecraft:block.slime_block.step
[09:48:29] [Render thread/WARN]: Missing sound for event: minecraft:block.small_amethyst_bud.break
[09:48:29] [Render thread/WARN]: Missing sound for event: minecraft:block.small_amethyst_bud.place
[09:48:29] [Render thread/WARN]: Missing sound for event: minecraft:block.small_dripleaf.break
[09:48:29] [Render thread/WARN]: Missing sound for event: minecraft:block.small_dripleaf.fall
[09:48:29] [Render thread/WARN]: Missing sound for event: minecraft:block.small_dripleaf.hit
[09:48:29] [Render thread/WARN]: Missing sound for event: minecraft:block.small_dripleaf.place
[09:48:29] [Render thread/WARN]: Missing sound for event: minecraft:block.small_dripleaf.step
[09:48:29] [Render thread/WARN]: Missing sound for event: minecraft:block.soul_sand.break
[09:48:29] [Render thread/WARN]: Missing sound for event: minecraft:block.soul_sand.step
[09:48:29] [Render thread/WARN]: Missing sound for event: minecraft:block.soul_sand.place
[09:48:29] [Render thread/WARN]: Missing sound for event: minecraft:block.soul_sand.hit
[09:48:29] [Render thread/WARN]: Missing sound for event: minecraft:block.soul_sand.fall
[09:48:29] [Render thread/WARN]: Missing sound for event: minecraft:block.soul_soil.break
[09:48:29] [Render thread/WARN]: Missing sound for event: minecraft:block.soul_soil.step
[09:48:29] [Render thread/WARN]: Missing sound for event: minecraft:block.soul_soil.place
[09:48:29] [Render thread/WARN]: Missing sound for event: minecraft:block.soul_soil.hit
[09:48:29] [Render thread/WARN]: Missing sound for event: minecraft:block.soul_soil.fall
[09:48:29] [Render thread/WARN]: Missing sound for event: minecraft:particle.soul_escape
[09:48:29] [Render thread/WARN]: Missing sound for event: minecraft:block.spawner.break
[09:48:29] [Render thread/WARN]: Missing sound for event: minecraft:block.spawner.fall
[09:48:29] [Render thread/WARN]: Missing sound for event: minecraft:block.spawner.hit
[09:48:29] [Render thread/WARN]: Missing sound for event: minecraft:block.spawner.place
[09:48:29] [Render thread/WARN]: Missing sound for event: minecraft:block.spawner.step
[09:48:29] [Render thread/WARN]: Missing sound for event: minecraft:item.spear.use
[09:48:29] [Render thread/WARN]: Missing sound for event: minecraft:item.spear.hit
[09:48:29] [Render thread/WARN]: Missing sound for event: minecraft:item.spear.attack
[09:48:29] [Render thread/WARN]: Missing sound for event: minecraft:item.spear_wood.use
[09:48:29] [Render thread/WARN]: Missing sound for event: minecraft:item.spear_wood.hit
[09:48:29] [Render thread/WARN]: Missing sound for event: minecraft:item.spear_wood.attack
[09:48:29] [Render thread/WARN]: Missing sound for event: minecraft:block.spore_blossom.break
[09:48:29] [Render thread/WARN]: Missing sound for event: minecraft:block.spore_blossom.fall
[09:48:29] [Render thread/WARN]: Missing sound for event: minecraft:block.spore_blossom.hit
[09:48:29] [Render thread/WARN]: Missing sound for event: minecraft:block.spore_blossom.place
[09:48:29] [Render thread/WARN]: Missing sound for event: minecraft:block.spore_blossom.step
[09:48:29] [Render thread/WARN]: Missing sound for event: minecraft:entity.strider.ambient
[09:48:29] [Render thread/WARN]: Missing sound for event: minecraft:entity.strider.happy
[09:48:29] [Render thread/WARN]: Missing sound for event: minecraft:entity.strider.retreat
[09:48:29] [Render thread/WARN]: Missing sound for event: minecraft:entity.strider.death
[09:48:29] [Render thread/WARN]: Missing sound for event: minecraft:entity.strider.hurt
[09:48:29] [Render thread/WARN]: Missing sound for event: minecraft:entity.strider.step
[09:48:29] [Render thread/WARN]: Missing sound for event: minecraft:entity.strider.step_lava
[09:48:29] [Render thread/WARN]: Missing sound for event: minecraft:entity.strider.eat
[09:48:29] [Render thread/WARN]: Missing sound for event: minecraft:entity.strider.saddle
[09:48:29] [Render thread/WARN]: Missing sound for event: minecraft:entity.slime.death_small
[09:48:29] [Render thread/WARN]: Missing sound for event: minecraft:entity.slime.hurt_small
[09:48:29] [Render thread/WARN]: Missing sound for event: minecraft:entity.slime.jump_small
[09:48:29] [Render thread/WARN]: Missing sound for event: minecraft:entity.slime.squish_small
[09:48:29] [Render thread/WARN]: Missing sound for event: minecraft:block.smithing_table.use
[09:48:29] [Render thread/WARN]: Missing sound for event: minecraft:block.smoker.smoke
[09:48:29] [Render thread/WARN]: Missing sound for event: minecraft:entity.sniffer.step
[09:48:29] [Render thread/WARN]: Missing sound for event: minecraft:entity.sniffer.eat
[09:48:29] [Render thread/WARN]: Missing sound for event: minecraft:entity.sniffer.idle
[09:48:29] [Render thread/WARN]: Missing sound for event: minecraft:entity.sniffer.hurt
[09:48:29] [Render thread/WARN]: Missing sound for event: minecraft:entity.sniffer.death
[09:48:29] [Render thread/WARN]: Missing sound for event: minecraft:entity.sniffer.drop_seed
[09:48:29] [Render thread/WARN]: Missing sound for event: minecraft:entity.sniffer.scenting
[09:48:29] [Render thread/WARN]: Missing sound for event: minecraft:entity.sniffer.sniffing
[09:48:29] [Render thread/WARN]: Missing sound for event: minecraft:entity.sniffer.searching
[09:48:29] [Render thread/WARN]: Missing sound for event: minecraft:entity.sniffer.digging
[09:48:29] [Render thread/WARN]: Missing sound for event: minecraft:entity.sniffer.digging_stop
[09:48:29] [Render thread/WARN]: Missing sound for event: minecraft:entity.sniffer.happy
[09:48:29] [Render thread/WARN]: Missing sound for event: minecraft:block.sniffer_egg.plop
[09:48:29] [Render thread/WARN]: Missing sound for event: minecraft:block.sniffer_egg.crack
[09:48:29] [Render thread/WARN]: Missing sound for event: minecraft:block.sniffer_egg.hatch
[09:48:29] [Render thread/WARN]: Missing sound for event: minecraft:entity.snowball.throw
[09:48:29] [Render thread/WARN]: Missing sound for event: minecraft:block.snow.break
[09:48:29] [Render thread/WARN]: Missing sound for event: minecraft:block.snow.fall
[09:48:29] [Render thread/WARN]: Missing sound for event: minecraft:entity.snow_golem.ambient
[09:48:29] [Render thread/WARN]: Missing sound for event: minecraft:entity.snow_golem.death
[09:48:29] [Render thread/WARN]: Missing sound for event: minecraft:entity.snow_golem.hurt
[09:48:29] [Render thread/WARN]: Missing sound for event: minecraft:entity.snow_golem.shoot
[09:48:29] [Render thread/WARN]: Missing sound for event: minecraft:entity.snow_golem.shear
[09:48:29] [Render thread/WARN]: Missing sound for event: minecraft:block.snow.hit
[09:48:29] [Render thread/WARN]: Missing sound for event: minecraft:block.snow.place
[09:48:29] [Render thread/WARN]: Missing sound for event: minecraft:block.snow.step
[09:48:29] [Render thread/WARN]: Missing sound for event: minecraft:entity.spider.ambient
[09:48:29] [Render thread/WARN]: Missing sound for event: minecraft:entity.spider.death
[09:48:29] [Render thread/WARN]: Missing sound for event: minecraft:entity.spider.hurt
[09:48:29] [Render thread/WARN]: Missing sound for event: minecraft:entity.spider.step
[09:48:29] [Render thread/WARN]: Missing sound for event: minecraft:entity.splash_potion.break
[09:48:29] [Render thread/WARN]: Missing sound for event: minecraft:entity.splash_potion.throw
[09:48:29] [Render thread/WARN]: Missing sound for event: minecraft:block.sponge.break
[09:48:29] [Render thread/WARN]: Missing sound for event: minecraft:block.sponge.fall
[09:48:29] [Render thread/WARN]: Missing sound for event: minecraft:block.sponge.hit
[09:48:29] [Render thread/WARN]: Missing sound for event: minecraft:block.sponge.place
[09:48:29] [Render thread/WARN]: Missing sound for event: minecraft:block.sponge.step
[09:48:29] [Render thread/WARN]: Missing sound for event: minecraft:block.sponge.absorb
[09:48:29] [Render thread/WARN]: Missing sound for event: minecraft:item.spyglass.use
[09:48:29] [Render thread/WARN]: Missing sound for event: minecraft:item.spyglass.stop_using
[09:48:29] [Render thread/WARN]: Missing sound for event: minecraft:entity.squid.ambient
[09:48:29] [Render thread/WARN]: Missing sound for event: minecraft:entity.squid.death
[09:48:29] [Render thread/WARN]: Missing sound for event: minecraft:entity.squid.hurt
[09:48:29] [Render thread/WARN]: Missing sound for event: minecraft:entity.squid.squirt
[09:48:29] [Render thread/WARN]: Missing sound for event: minecraft:block.stone.break
[09:48:29] [Render thread/WARN]: Missing sound for event: minecraft:block.stone_button.click_off
[09:48:29] [Render thread/WARN]: Missing sound for event: minecraft:block.stone_button.click_on
[09:48:29] [Render thread/WARN]: Missing sound for event: minecraft:block.stone.fall
[09:48:29] [Render thread/WARN]: Missing sound for event: minecraft:block.stone.hit
[09:48:29] [Render thread/WARN]: Missing sound for event: minecraft:block.stone.place
[09:48:29] [Render thread/WARN]: Missing sound for event: minecraft:block.stone_pressure_plate.click_off
[09:48:29] [Render thread/WARN]: Missing sound for event: minecraft:block.stone_pressure_plate.click_on
[09:48:29] [Render thread/WARN]: Missing sound for event: minecraft:block.stone.step
[09:48:29] [Render thread/WARN]: Missing sound for event: minecraft:entity.stray.ambient
[09:48:29] [Render thread/WARN]: Missing sound for event: minecraft:entity.stray.death
[09:48:29] [Render thread/WARN]: Missing sound for event: minecraft:entity.stray.hurt
[09:48:29] [Render thread/WARN]: Missing sound for event: minecraft:entity.stray.step
[09:48:29] [Render thread/WARN]: Missing sound for event: minecraft:block.sulfur_spike.break
[09:48:29] [Render thread/WARN]: Missing sound for event: minecraft:block.sulfur_spike.step
[09:48:29] [Render thread/WARN]: Missing sound for event: minecraft:block.sulfur_spike.place
[09:48:29] [Render thread/WARN]: Missing sound for event: minecraft:block.sulfur_spike.hit
[09:48:29] [Render thread/WARN]: Missing sound for event: minecraft:block.sulfur_spike.fall
[09:48:29] [Render thread/WARN]: Missing sound for event: minecraft:block.sulfur_spike.land
[09:48:29] [Render thread/WARN]: Missing sound for event: minecraft:block.sweet_berry_bush.break
[09:48:29] [Render thread/WARN]: Missing sound for event: minecraft:block.sweet_berry_bush.place
[09:48:29] [Render thread/WARN]: Missing sound for event: minecraft:block.sweet_berry_bush.pick_berries
[09:48:29] [Render thread/WARN]: Missing sound for event: minecraft:entity.tadpole.death
[09:48:29] [Render thread/WARN]: Missing sound for event: minecraft:entity.tadpole.flop
[09:48:29] [Render thread/WARN]: Missing sound for event: minecraft:entity.tadpole.grow_up
[09:48:29] [Render thread/WARN]: Missing sound for event: minecraft:entity.tadpole.hurt
[09:48:29] [Render thread/WARN]: Missing sound for event: minecraft:enchant.thorns.hit
[09:48:29] [Render thread/WARN]: Missing sound for event: minecraft:entity.tnt.primed
[09:48:29] [Render thread/WARN]: Missing sound for event: minecraft:item.totem.use
[09:48:29] [Render thread/WARN]: Missing sound for event: minecraft:item.trident.hit
[09:48:29] [Render thread/WARN]: Missing sound for event: minecraft:item.trident.hit_ground
[09:48:29] [Render thread/WARN]: Missing sound for event: minecraft:item.trident.return
[09:48:29] [Render thread/WARN]: Missing sound for event: minecraft:item.trident.riptide_1
[09:48:29] [Render thread/WARN]: Missing sound for event: minecraft:item.trident.riptide_2
[09:48:29] [Render thread/WARN]: Missing sound for event: minecraft:item.trident.riptide_3
[09:48:29] [Render thread/WARN]: Missing sound for event: minecraft:item.trident.throw
[09:48:29] [Render thread/WARN]: Missing sound for event: minecraft:item.trident.thunder
[09:48:29] [Render thread/WARN]: Missing sound for event: minecraft:block.tripwire.attach
[09:48:29] [Render thread/WARN]: Missing sound for event: minecraft:block.tripwire.click_off
[09:48:29] [Render thread/WARN]: Missing sound for event: minecraft:block.tripwire.click_on
[09:48:29] [Render thread/WARN]: Missing sound for event: minecraft:block.tripwire.detach
[09:48:29] [Render thread/WARN]: Missing sound for event: minecraft:entity.tropical_fish.ambient
[09:48:29] [Render thread/WARN]: Missing sound for event: minecraft:entity.tropical_fish.death
[09:48:29] [Render thread/WARN]: Missing sound for event: minecraft:entity.tropical_fish.flop
[09:48:29] [Render thread/WARN]: Missing sound for event: minecraft:entity.tropical_fish.hurt
[09:48:29] [Render thread/WARN]: Missing sound for event: minecraft:block.tuff.break
[09:48:29] [Render thread/WARN]: Missing sound for event: minecraft:block.tuff.step
[09:48:29] [Render thread/WARN]: Missing sound for event: minecraft:block.tuff.place
[09:48:29] [Render thread/WARN]: Missing sound for event: minecraft:block.tuff.hit
[09:48:29] [Render thread/WARN]: Missing sound for event: minecraft:block.tuff.fall
[09:48:29] [Render thread/WARN]: Missing sound for event: minecraft:block.tuff_bricks.break
[09:48:29] [Render thread/WARN]: Missing sound for event: minecraft:block.tuff_bricks.fall
[09:48:29] [Render thread/WARN]: Missing sound for event: minecraft:block.tuff_bricks.hit
[09:48:29] [Render thread/WARN]: Missing sound for event: minecraft:block.tuff_bricks.place
[09:48:29] [Render thread/WARN]: Missing sound for event: minecraft:block.tuff_bricks.step
[09:48:29] [Render thread/WARN]: Missing sound for event: minecraft:block.polished_tuff.break
[09:48:29] [Render thread/WARN]: Missing sound for event: minecraft:block.polished_tuff.fall
[09:48:29] [Render thread/WARN]: Missing sound for event: minecraft:block.polished_tuff.hit
[09:48:29] [Render thread/WARN]: Missing sound for event: minecraft:block.polished_tuff.place
[09:48:29] [Render thread/WARN]: Missing sound for event: minecraft:block.polished_tuff.step
[09:48:29] [Render thread/WARN]: Missing sound for event: minecraft:entity.turtle.ambient_land
[09:48:29] [Render thread/WARN]: Missing sound for event: minecraft:entity.turtle.death
[09:48:29] [Render thread/WARN]: Missing sound for event: minecraft:entity.turtle.death_baby
[09:48:29] [Render thread/WARN]: Missing sound for event: minecraft:entity.turtle.egg_break
[09:48:29] [Render thread/WARN]: Missing sound for event: minecraft:entity.turtle.egg_crack
[09:48:29] [Render thread/WARN]: Missing sound for event: minecraft:entity.turtle.egg_hatch
[09:48:29] [Render thread/WARN]: Missing sound for event: minecraft:entity.turtle.hurt
[09:48:29] [Render thread/WARN]: Missing sound for event: minecraft:entity.turtle.hurt_baby
[09:48:29] [Render thread/WARN]: Missing sound for event: minecraft:entity.turtle.lay_egg
[09:48:29] [Render thread/WARN]: Missing sound for event: minecraft:entity.turtle.shamble
[09:48:29] [Render thread/WARN]: Missing sound for event: minecraft:entity.turtle.shamble_baby
[09:48:29] [Render thread/WARN]: Missing sound for event: minecraft:entity.turtle.swim
[09:48:29] [Render thread/WARN]: Missing sound for event: minecraft:ui.button.click
[09:48:29] [Render thread/WARN]: Missing sound for event: minecraft:ui.loom.select_pattern
[09:48:29] [Render thread/WARN]: Missing sound for event: minecraft:ui.loom.take_result
[09:48:29] [Render thread/WARN]: Missing sound for event: minecraft:ui.cartography_table.take_result
[09:48:29] [Render thread/WARN]: Missing sound for event: minecraft:ui.stonecutter.take_result
[09:48:29] [Render thread/WARN]: Missing sound for event: minecraft:ui.stonecutter.select_recipe
[09:48:29] [Render thread/WARN]: Missing sound for event: minecraft:ui.toast.challenge_complete
[09:48:29] [Render thread/WARN]: Missing sound for event: minecraft:ui.toast.in
[09:48:29] [Render thread/WARN]: Missing sound for event: minecraft:ui.toast.out
[09:48:29] [Render thread/WARN]: Missing sound for event: minecraft:block.vault.activate
[09:48:29] [Render thread/WARN]: Missing sound for event: minecraft:block.vault.ambient
[09:48:29] [Render thread/WARN]: Missing sound for event: minecraft:block.vault.break
[09:48:29] [Render thread/WARN]: Missing sound for event: minecraft:block.vault.close_shutter
[09:48:29] [Render thread/WARN]: Missing sound for event: minecraft:block.vault.deactivate
[09:48:29] [Render thread/WARN]: Missing sound for event: minecraft:block.vault.eject_item
[09:48:29] [Render thread/WARN]: Missing sound for event: minecraft:block.vault.reject_rewarded_player
[09:48:29] [Render thread/WARN]: Missing sound for event: minecraft:block.vault.fall
[09:48:29] [Render thread/WARN]: Missing sound for event: minecraft:block.vault.hit
[09:48:29] [Render thread/WARN]: Missing sound for event: minecraft:block.vault.insert_item
[09:48:29] [Render thread/WARN]: Missing sound for event: minecraft:block.vault.insert_item_fail
[09:48:29] [Render thread/WARN]: Missing sound for event: minecraft:block.vault.open_shutter
[09:48:29] [Render thread/WARN]: Missing sound for event: minecraft:block.vault.place
[09:48:29] [Render thread/WARN]: Missing sound for event: minecraft:block.vault.step
[09:48:29] [Render thread/WARN]: Missing sound for event: minecraft:entity.vex.ambient
[09:48:29] [Render thread/WARN]: Missing sound for event: minecraft:entity.vex.charge
[09:48:29] [Render thread/WARN]: Missing sound for event: minecraft:entity.vex.death
[09:48:29] [Render thread/WARN]: Missing sound for event: minecraft:entity.vex.hurt
[09:48:29] [Render thread/WARN]: Missing sound for event: minecraft:entity.villager.ambient
[09:48:29] [Render thread/WARN]: Missing sound for event: minecraft:entity.villager.celebrate
[09:48:29] [Render thread/WARN]: Missing sound for event: minecraft:entity.villager.death
[09:48:29] [Render thread/WARN]: Missing sound for event: minecraft:entity.villager.hurt
[09:48:29] [Render thread/WARN]: Missing sound for event: minecraft:entity.villager.no
[09:48:29] [Render thread/WARN]: Missing sound for event: minecraft:entity.villager.trade
[09:48:29] [Render thread/WARN]: Missing sound for event: minecraft:entity.villager.yes
[09:48:29] [Render thread/WARN]: Missing sound for event: minecraft:entity.villager.work_armorer
[09:48:29] [Render thread/WARN]: Missing sound for event: minecraft:entity.villager.work_butcher
[09:48:29] [Render thread/WARN]: Missing sound for event: minecraft:entity.villager.work_cartographer
[09:48:29] [Render thread/WARN]: Missing sound for event: minecraft:entity.villager.work_cleric
[09:48:29] [Render thread/WARN]: Missing sound for event: minecraft:entity.villager.work_farmer
[09:48:29] [Render thread/WARN]: Missing sound for event: minecraft:entity.villager.work_fisherman
[09:48:29] [Render thread/WARN]: Missing sound for event: minecraft:entity.villager.work_fletcher
[09:48:29] [Render thread/WARN]: Missing sound for event: minecraft:entity.villager.work_leatherworker
[09:48:29] [Render thread/WARN]: Missing sound for event: minecraft:entity.villager.work_librarian
[09:48:29] [Render thread/WARN]: Missing sound for event: minecraft:entity.villager.work_mason
[09:48:29] [Render thread/WARN]: Missing sound for event: minecraft:entity.villager.work_shepherd
[09:48:29] [Render thread/WARN]: Missing sound for event: minecraft:entity.villager.work_toolsmith
[09:48:29] [Render thread/WARN]: Missing sound for event: minecraft:entity.villager.work_weaponsmith
[09:48:29] [Render thread/WARN]: Missing sound for event: minecraft:entity.vindicator.ambient
[09:48:29] [Render thread/WARN]: Missing sound for event: minecraft:entity.vindicator.celebrate
[09:48:29] [Render thread/WARN]: Missing sound for event: minecraft:entity.vindicator.death
[09:48:29] [Render thread/WARN]: Missing sound for event: minecraft:entity.vindicator.hurt
[09:48:29] [Render thread/WARN]: Missing sound for event: minecraft:block.vine.break
[09:48:29] [Render thread/WARN]: Missing sound for event: minecraft:block.vine.fall
[09:48:29] [Render thread/WARN]: Missing sound for event: minecraft:block.vine.hit
[09:48:29] [Render thread/WARN]: Missing sound for event: minecraft:block.vine.place
[09:48:29] [Render thread/WARN]: Missing sound for event: minecraft:block.vine.step
[09:48:29] [Render thread/WARN]: Missing sound for event: minecraft:block.lily_pad.place
[09:48:29] [Render thread/WARN]: Missing sound for event: minecraft:entity.wandering_trader.ambient
[09:48:29] [Render thread/WARN]: Missing sound for event: minecraft:entity.wandering_trader.death
[09:48:29] [Render thread/WARN]: Missing sound for event: minecraft:entity.wandering_trader.disappeared
[09:48:29] [Render thread/WARN]: Missing sound for event: minecraft:entity.wandering_trader.drink_milk
[09:48:29] [Render thread/WARN]: Missing sound for event: minecraft:entity.wandering_trader.drink_potion
[09:48:29] [Render thread/WARN]: Missing sound for event: minecraft:entity.wandering_trader.hurt
[09:48:29] [Render thread/WARN]: Missing sound for event: minecraft:entity.wandering_trader.no
[09:48:29] [Render thread/WARN]: Missing sound for event: minecraft:entity.wandering_trader.reappeared
[09:48:29] [Render thread/WARN]: Missing sound for event: minecraft:entity.wandering_trader.trade
[09:48:29] [Render thread/WARN]: Missing sound for event: minecraft:entity.wandering_trader.yes
[09:48:29] [Render thread/WARN]: Missing sound for event: minecraft:entity.warden.agitated
[09:48:29] [Render thread/WARN]: Missing sound for event: minecraft:entity.warden.ambient
[09:48:29] [Render thread/WARN]: Missing sound for event: minecraft:entity.warden.angry
[09:48:29] [Render thread/WARN]: Missing sound for event: minecraft:entity.warden.attack_impact
[09:48:29] [Render thread/WARN]: Missing sound for event: minecraft:entity.warden.death
[09:48:29] [Render thread/WARN]: Missing sound for event: minecraft:entity.warden.dig
[09:48:29] [Render thread/WARN]: Missing sound for event: minecraft:entity.warden.emerge
[09:48:29] [Render thread/WARN]: Missing sound for event: minecraft:entity.warden.heartbeat
[09:48:29] [Render thread/WARN]: Missing sound for event: minecraft:entity.warden.hurt
[09:48:29] [Render thread/WARN]: Missing sound for event: minecraft:entity.warden.listening
[09:48:29] [Render thread/WARN]: Missing sound for event: minecraft:entity.warden.listening_angry
[09:48:29] [Render thread/WARN]: Missing sound for event: minecraft:entity.warden.nearby_close
[09:48:29] [Render thread/WARN]: Missing sound for event: minecraft:entity.warden.nearby_closer
[09:48:29] [Render thread/WARN]: Missing sound for event: minecraft:entity.warden.nearby_closest
[09:48:29] [Render thread/WARN]: Missing sound for event: minecraft:entity.warden.roar
[09:48:29] [Render thread/WARN]: Missing sound for event: minecraft:entity.warden.sniff
[09:48:29] [Render thread/WARN]: Missing sound for event: minecraft:entity.warden.sonic_boom
[09:48:29] [Render thread/WARN]: Missing sound for event: minecraft:entity.warden.sonic_charge
[09:48:29] [Render thread/WARN]: Missing sound for event: minecraft:entity.warden.step
[09:48:29] [Render thread/WARN]: Missing sound for event: minecraft:entity.warden.tendril_clicks
[09:48:29] [Render thread/WARN]: Missing sound for event: minecraft:block.hanging_sign.waxed_interact_fail
[09:48:29] [Render thread/WARN]: Missing sound for event: minecraft:block.sign.waxed_interact_fail
[09:48:29] [Render thread/WARN]: Missing sound for event: minecraft:block.water.ambient
[09:48:29] [Render thread/WARN]: Missing sound for event: minecraft:weather.end_flash
[09:48:29] [Render thread/WARN]: Missing sound for event: minecraft:weather.rain
[09:48:29] [Render thread/WARN]: Missing sound for event: minecraft:weather.rain.above
[09:48:29] [Render thread/WARN]: Missing sound for event: minecraft:block.wet_grass.break
[09:48:29] [Render thread/WARN]: Missing sound for event: minecraft:block.wet_grass.fall
[09:48:29] [Render thread/WARN]: Missing sound for event: minecraft:block.wet_grass.hit
[09:48:29] [Render thread/WARN]: Missing sound for event: minecraft:block.wet_grass.place
[09:48:29] [Render thread/WARN]: Missing sound for event: minecraft:block.wet_grass.step
[09:48:29] [Render thread/WARN]: Missing sound for event: minecraft:block.wet_sponge.break
[09:48:29] [Render thread/WARN]: Missing sound for event: minecraft:block.wet_sponge.dries
[09:48:29] [Render thread/WARN]: Missing sound for event: minecraft:block.wet_sponge.fall
[09:48:29] [Render thread/WARN]: Missing sound for event: minecraft:block.wet_sponge.hit
[09:48:29] [Render thread/WARN]: Missing sound for event: minecraft:block.wet_sponge.place
[09:48:29] [Render thread/WARN]: Missing sound for event: minecraft:block.wet_sponge.step
[09:48:29] [Render thread/WARN]: Missing sound for event: minecraft:entity.wind_charge.wind_burst
[09:48:29] [Render thread/WARN]: Missing sound for event: minecraft:entity.wind_charge.throw
[09:48:29] [Render thread/WARN]: Missing sound for event: minecraft:entity.witch.ambient
[09:48:29] [Render thread/WARN]: Missing sound for event: minecraft:entity.witch.celebrate
[09:48:29] [Render thread/WARN]: Missing sound for event: minecraft:entity.witch.death
[09:48:29] [Render thread/WARN]: Missing sound for event: minecraft:entity.witch.drink
[09:48:29] [Render thread/WARN]: Missing sound for event: minecraft:entity.witch.hurt
[09:48:29] [Render thread/WARN]: Missing sound for event: minecraft:entity.witch.throw
[09:48:29] [Render thread/WARN]: Missing sound for event: minecraft:entity.wither.ambient
[09:48:29] [Render thread/WARN]: Missing sound for event: minecraft:entity.wither.break_block
[09:48:29] [Render thread/WARN]: Missing sound for event: minecraft:entity.wither.death
[09:48:29] [Render thread/WARN]: Missing sound for event: minecraft:entity.wither.hurt
[09:48:29] [Render thread/WARN]: Missing sound for event: minecraft:entity.wither.shoot
[09:48:29] [Render thread/WARN]: Missing sound for event: minecraft:entity.wither_skeleton.ambient
[09:48:29] [Render thread/WARN]: Missing sound for event: minecraft:entity.wither_skeleton.death
[09:48:29] [Render thread/WARN]: Missing sound for event: minecraft:entity.wither_skeleton.hurt
[09:48:29] [Render thread/WARN]: Missing sound for event: minecraft:entity.wither_skeleton.step
[09:48:29] [Render thread/WARN]: Missing sound for event: minecraft:entity.wither.spawn
[09:48:29] [Render thread/WARN]: Missing sound for event: minecraft:item.wolf_armor.break
[09:48:29] [Render thread/WARN]: Missing sound for event: minecraft:entity.baby_wolf.ambient
[09:48:29] [Render thread/WARN]: Missing sound for event: minecraft:item.wolf_armor.crack
[09:48:29] [Render thread/WARN]: Missing sound for event: minecraft:item.wolf_armor.damage
[09:48:29] [Render thread/WARN]: Missing sound for event: minecraft:item.wolf_armor.repair
[09:48:29] [Render thread/WARN]: Missing sound for event: minecraft:entity.baby_wolf.death
[09:48:29] [Render thread/WARN]: Missing sound for event: minecraft:entity.baby_wolf.growl
[09:48:29] [Render thread/WARN]: Missing sound for event: minecraft:entity.baby_wolf.hurt
[09:48:29] [Render thread/WARN]: Missing sound for event: minecraft:entity.baby_wolf.pant
[09:48:29] [Render thread/WARN]: Missing sound for event: minecraft:entity.wolf.shake
[09:48:29] [Render thread/WARN]: Missing sound for event: minecraft:entity.wolf.step
[09:48:29] [Render thread/WARN]: Missing sound for event: minecraft:entity.baby_wolf.step
[09:48:29] [Render thread/WARN]: Missing sound for event: minecraft:entity.baby_wolf.whine
[09:48:29] [Render thread/WARN]: Missing sound for event: minecraft:entity.wolf.ambient
[09:48:29] [Render thread/WARN]: Missing sound for event: minecraft:entity.wolf.death
[09:48:29] [Render thread/WARN]: Missing sound for event: minecraft:entity.wolf.growl
[09:48:29] [Render thread/WARN]: Missing sound for event: minecraft:entity.wolf.hurt
[09:48:29] [Render thread/WARN]: Missing sound for event: minecraft:entity.wolf.pant
[09:48:29] [Render thread/WARN]: Missing sound for event: minecraft:entity.wolf.whine
[09:48:29] [Render thread/WARN]: Missing sound for event: minecraft:entity.wolf_puglin.ambient
[09:48:29] [Render thread/WARN]: Missing sound for event: minecraft:entity.wolf_puglin.death
[09:48:29] [Render thread/WARN]: Missing sound for event: minecraft:entity.wolf_puglin.growl
[09:48:29] [Render thread/WARN]: Missing sound for event: minecraft:entity.wolf_puglin.hurt
[09:48:29] [Render thread/WARN]: Missing sound for event: minecraft:entity.wolf_puglin.pant
[09:48:29] [Render thread/WARN]: Missing sound for event: minecraft:entity.wolf_puglin.whine
[09:48:29] [Render thread/WARN]: Missing sound for event: minecraft:entity.wolf_sad.ambient
[09:48:29] [Render thread/WARN]: Missing sound for event: minecraft:entity.wolf_sad.death
[09:48:29] [Render thread/WARN]: Missing sound for event: minecraft:entity.wolf_sad.growl
[09:48:29] [Render thread/WARN]: Missing sound for event: minecraft:entity.wolf_sad.hurt
[09:48:29] [Render thread/WARN]: Missing sound for event: minecraft:entity.wolf_sad.pant
[09:48:29] [Render thread/WARN]: Missing sound for event: minecraft:entity.wolf_sad.whine
[09:48:29] [Render thread/WARN]: Missing sound for event: minecraft:entity.wolf_angry.ambient
[09:48:29] [Render thread/WARN]: Missing sound for event: minecraft:entity.wolf_angry.death
[09:48:29] [Render thread/WARN]: Missing sound for event: minecraft:entity.wolf_angry.growl
[09:48:29] [Render thread/WARN]: Missing sound for event: minecraft:entity.wolf_angry.hurt
[09:48:29] [Render thread/WARN]: Missing sound for event: minecraft:entity.wolf_angry.pant
[09:48:29] [Render thread/WARN]: Missing sound for event: minecraft:entity.wolf_angry.whine
[09:48:29] [Render thread/WARN]: Missing sound for event: minecraft:entity.wolf_grumpy.ambient
[09:48:29] [Render thread/WARN]: Missing sound for event: minecraft:entity.wolf_grumpy.death
[09:48:29] [Render thread/WARN]: Missing sound for event: minecraft:entity.wolf_grumpy.growl
[09:48:29] [Render thread/WARN]: Missing sound for event: minecraft:entity.wolf_grumpy.hurt
[09:48:29] [Render thread/WARN]: Missing sound for event: minecraft:entity.wolf_grumpy.pant
[09:48:29] [Render thread/WARN]: Missing sound for event: minecraft:entity.wolf_grumpy.whine
[09:48:29] [Render thread/WARN]: Missing sound for event: minecraft:entity.wolf_big.ambient
[09:48:29] [Render thread/WARN]: Missing sound for event: minecraft:entity.wolf_big.death
[09:48:29] [Render thread/WARN]: Missing sound for event: minecraft:entity.wolf_big.growl
[09:48:29] [Render thread/WARN]: Missing sound for event: minecraft:entity.wolf_big.hurt
[09:48:29] [Render thread/WARN]: Missing sound for event: minecraft:entity.wolf_big.pant
[09:48:29] [Render thread/WARN]: Missing sound for event: minecraft:entity.wolf_big.whine
[09:48:29] [Render thread/WARN]: Missing sound for event: minecraft:entity.wolf_cute.ambient
[09:48:29] [Render thread/WARN]: Missing sound for event: minecraft:entity.wolf_cute.death
[09:48:29] [Render thread/WARN]: Missing sound for event: minecraft:entity.wolf_cute.growl
[09:48:29] [Render thread/WARN]: Missing sound for event: minecraft:entity.wolf_cute.hurt
[09:48:29] [Render thread/WARN]: Missing sound for event: minecraft:entity.wolf_cute.pant
[09:48:29] [Render thread/WARN]: Missing sound for event: minecraft:entity.wolf_cute.whine
[09:48:29] [Render thread/WARN]: Missing sound for event: minecraft:block.wooden_door.close
[09:48:29] [Render thread/WARN]: Missing sound for event: minecraft:block.wooden_door.open
[09:48:29] [Render thread/WARN]: Missing sound for event: minecraft:block.wooden_trapdoor.close
[09:48:29] [Render thread/WARN]: Missing sound for event: minecraft:block.wooden_trapdoor.open
[09:48:29] [Render thread/WARN]: Missing sound for event: minecraft:block.wooden_button.click_off
[09:48:29] [Render thread/WARN]: Missing sound for event: minecraft:block.wooden_button.click_on
[09:48:29] [Render thread/WARN]: Missing sound for event: minecraft:block.wooden_pressure_plate.click_off
[09:48:29] [Render thread/WARN]: Missing sound for event: minecraft:block.wooden_pressure_plate.click_on
[09:48:29] [Render thread/WARN]: Missing sound for event: minecraft:block.wood.break
[09:48:29] [Render thread/WARN]: Missing sound for event: minecraft:block.wood.fall
[09:48:29] [Render thread/WARN]: Missing sound for event: minecraft:block.wood.hit
[09:48:29] [Render thread/WARN]: Missing sound for event: minecraft:block.wood.place
[09:48:29] [Render thread/WARN]: Missing sound for event: minecraft:block.wood.step
[09:48:29] [Render thread/WARN]: Missing sound for event: minecraft:block.wool.break
[09:48:29] [Render thread/WARN]: Missing sound for event: minecraft:block.wool.fall
[09:48:29] [Render thread/WARN]: Missing sound for event: minecraft:block.wool.hit
[09:48:29] [Render thread/WARN]: Missing sound for event: minecraft:block.wool.place
[09:48:29] [Render thread/WARN]: Missing sound for event: minecraft:block.wool.step
[09:48:29] [Render thread/WARN]: Missing sound for event: minecraft:entity.zoglin.ambient
[09:48:29] [Render thread/WARN]: Missing sound for event: minecraft:entity.zoglin.angry
[09:48:29] [Render thread/WARN]: Missing sound for event: minecraft:entity.zoglin.attack
[09:48:29] [Render thread/WARN]: Missing sound for event: minecraft:entity.zoglin.death
[09:48:29] [Render thread/WARN]: Missing sound for event: minecraft:entity.zoglin.hurt
[09:48:29] [Render thread/WARN]: Missing sound for event: minecraft:entity.zoglin.step
[09:48:29] [Render thread/WARN]: Missing sound for event: minecraft:entity.zombie.ambient
[09:48:29] [Render thread/WARN]: Missing sound for event: minecraft:entity.zombie.attack_wooden_door
[09:48:29] [Render thread/WARN]: Missing sound for event: minecraft:entity.zombie.attack_iron_door
[09:48:29] [Render thread/WARN]: Missing sound for event: minecraft:entity.zombie.break_wooden_door
[09:48:29] [Render thread/WARN]: Missing sound for event: minecraft:entity.zombie.converted_to_drowned
[09:48:29] [Render thread/WARN]: Missing sound for event: minecraft:entity.zombie.death
[09:48:29] [Render thread/WARN]: Missing sound for event: minecraft:entity.zombie.destroy_egg
[09:48:29] [Render thread/WARN]: Missing sound for event: minecraft:entity.zombie_horse.ambient
[09:48:29] [Render thread/WARN]: Missing sound for event: minecraft:entity.zombie_horse.angry
[09:48:29] [Render thread/WARN]: Missing sound for event: minecraft:entity.zombie_horse.death
[09:48:29] [Render thread/WARN]: Missing sound for event: minecraft:entity.zombie_horse.eat
[09:48:29] [Render thread/WARN]: Missing sound for event: minecraft:entity.zombie_horse.hurt
[09:48:29] [Render thread/WARN]: Missing sound for event: minecraft:entity.zombie.hurt
[09:48:29] [Render thread/WARN]: Missing sound for event: minecraft:entity.zombie.infect
[09:48:29] [Render thread/WARN]: Missing sound for event: minecraft:entity.zombie_nautilus.ambient
[09:48:29] [Render thread/WARN]: Missing sound for event: minecraft:entity.zombie_nautilus.ambient_land
[09:48:29] [Render thread/WARN]: Missing sound for event: minecraft:entity.zombie_nautilus.dash
[09:48:29] [Render thread/WARN]: Missing sound for event: minecraft:entity.zombie_nautilus.dash_land
[09:48:29] [Render thread/WARN]: Missing sound for event: minecraft:entity.zombie_nautilus.dash_ready
[09:48:29] [Render thread/WARN]: Missing sound for event: minecraft:entity.zombie_nautilus.dash_ready_land
[09:48:29] [Render thread/WARN]: Missing sound for event: minecraft:entity.zombie_nautilus.death
[09:48:29] [Render thread/WARN]: Missing sound for event: minecraft:entity.zombie_nautilus.death_land
[09:48:29] [Render thread/WARN]: Missing sound for event: minecraft:entity.zombie_nautilus.eat
[09:48:29] [Render thread/WARN]: Missing sound for event: minecraft:entity.zombie_nautilus.hurt
[09:48:29] [Render thread/WARN]: Missing sound for event: minecraft:entity.zombie_nautilus.hurt_land
[09:48:29] [Render thread/WARN]: Missing sound for event: minecraft:entity.zombie_nautilus.swim
[09:48:29] [Render thread/WARN]: Missing sound for event: minecraft:entity.zombified_piglin.ambient
[09:48:29] [Render thread/WARN]: Missing sound for event: minecraft:entity.zombified_piglin.angry
[09:48:29] [Render thread/WARN]: Missing sound for event: minecraft:entity.zombified_piglin.death
[09:48:29] [Render thread/WARN]: Missing sound for event: minecraft:entity.zombified_piglin.hurt
[09:48:29] [Render thread/WARN]: Missing sound for event: minecraft:entity.zombie.step
[09:48:29] [Render thread/WARN]: Missing sound for event: minecraft:entity.zombie_villager.ambient
[09:48:29] [Render thread/WARN]: Missing sound for event: minecraft:entity.zombie_villager.converted
[09:48:29] [Render thread/WARN]: Missing sound for event: minecraft:entity.zombie_villager.cure
[09:48:29] [Render thread/WARN]: Missing sound for event: minecraft:entity.zombie_villager.death
[09:48:29] [Render thread/WARN]: Missing sound for event: minecraft:entity.zombie_villager.hurt
[09:48:29] [Render thread/WARN]: Missing sound for event: minecraft:entity.zombie_villager.step
[09:48:29] [Render thread/WARN]: Missing sound for event: minecraft:event.mob_effect.bad_omen
[09:48:29] [Render thread/WARN]: Missing sound for event: minecraft:event.mob_effect.trial_omen
[09:48:29] [Render thread/WARN]: Missing sound for event: minecraft:event.mob_effect.raid_omen
[09:48:29] [Render thread/WARN]: Missing sound for event: minecraft:item.saddle.unequip
[09:48:29] [Render thread/WARN]: Missing sound for event: minecraft:item.nautilus_saddle_underwater_equip
[09:48:29] [Render thread/WARN]: Missing sound for event: minecraft:item.nautilus_saddle_equip
[09:48:29] [Render thread/WARN]: Missing sound for event: minecraft:block.sulfur.break
[09:48:29] [Render thread/WARN]: Missing sound for event: minecraft:block.sulfur.step
[09:48:29] [Render thread/WARN]: Missing sound for event: minecraft:block.sulfur.place
[09:48:29] [Render thread/WARN]: Missing sound for event: minecraft:block.sulfur.hit
[09:48:29] [Render thread/WARN]: Missing sound for event: minecraft:block.sulfur.fall
[09:48:29] [Render thread/WARN]: Missing sound for event: minecraft:block.potent_sulfur.break
[09:48:29] [Render thread/WARN]: Missing sound for event: minecraft:block.potent_sulfur.step
[09:48:29] [Render thread/WARN]: Missing sound for event: minecraft:block.potent_sulfur.place
[09:48:29] [Render thread/WARN]: Missing sound for event: minecraft:block.potent_sulfur.hit
[09:48:29] [Render thread/WARN]: Missing sound for event: minecraft:block.potent_sulfur.fall
[09:48:29] [Render thread/WARN]: Missing sound for event: minecraft:block.potent_sulfur.geyser_eruption
[09:48:29] [Render thread/WARN]: Missing sound for event: minecraft:block.potent_sulfur.geyser_eruption_active
[09:48:29] [Render thread/WARN]: Missing sound for event: minecraft:block.potent_sulfur.geyser_continuous_eruption
[09:48:29] [Render thread/WARN]: Missing sound for event: minecraft:block.potent_sulfur.geyser_continuous_eruption_active
[09:48:29] [Render thread/WARN]: Missing sound for event: minecraft:block.cinnabar.break
[09:48:29] [Render thread/WARN]: Missing sound for event: minecraft:block.cinnabar.step
[09:48:29] [Render thread/WARN]: Missing sound for event: minecraft:block.cinnabar.place
[09:48:29] [Render thread/WARN]: Missing sound for event: minecraft:block.cinnabar.hit
[09:48:29] [Render thread/WARN]: Missing sound for event: minecraft:block.cinnabar.fall
[09:48:29] [Render thread/WARN]: Missing sound for event: minecraft:entity.sulfur_cube.absorb
[09:48:29] [Render thread/WARN]: Missing sound for event: minecraft:entity.sulfur_cube.bounce
[09:48:29] [Render thread/WARN]: Missing sound for event: minecraft:entity.sulfur_cube.death
[09:48:29] [Render thread/WARN]: Missing sound for event: minecraft:entity.sulfur_cube.eject
[09:48:29] [Render thread/WARN]: Missing sound for event: minecraft:entity.sulfur_cube.hurt
[09:48:29] [Render thread/WARN]: Missing sound for event: minecraft:entity.sulfur_cube.jump
[09:48:29] [Render thread/WARN]: Missing sound for event: minecraft:entity.sulfur_cube.regular.hit
[09:48:29] [Render thread/WARN]: Missing sound for event: minecraft:entity.sulfur_cube.regular.push
[09:48:29] [Render thread/WARN]: Missing sound for event: minecraft:entity.sulfur_cube.bouncy.hit
[09:48:29] [Render thread/WARN]: Missing sound for event: minecraft:entity.sulfur_cube.bouncy.push
[09:48:29] [Render thread/WARN]: Missing sound for event: minecraft:entity.sulfur_cube.slow_bouncy.hit
[09:48:29] [Render thread/WARN]: Missing sound for event: minecraft:entity.sulfur_cube.slow_bouncy.push
[09:48:29] [Render thread/WARN]: Missing sound for event: minecraft:entity.sulfur_cube.slow_flat.hit
[09:48:29] [Render thread/WARN]: Missing sound for event: minecraft:entity.sulfur_cube.slow_flat.push
[09:48:29] [Render thread/WARN]: Missing sound for event: minecraft:entity.sulfur_cube.fast_flat.hit
[09:48:29] [Render thread/WARN]: Missing sound for event: minecraft:entity.sulfur_cube.fast_flat.push
[09:48:29] [Render thread/WARN]: Missing sound for event: minecraft:entity.sulfur_cube.light.hit
[09:48:29] [Render thread/WARN]: Missing sound for event: minecraft:entity.sulfur_cube.light.push
[09:48:29] [Render thread/WARN]: Missing sound for event: minecraft:entity.sulfur_cube.fast_sliding.hit
[09:48:29] [Render thread/WARN]: Missing sound for event: minecraft:entity.sulfur_cube.fast_sliding.push
[09:48:29] [Render thread/WARN]: Missing sound for event: minecraft:entity.sulfur_cube.slow_sliding.hit
[09:48:29] [Render thread/WARN]: Missing sound for event: minecraft:entity.sulfur_cube.slow_sliding.push
[09:48:29] [Render thread/WARN]: Missing sound for event: minecraft:entity.sulfur_cube.sticky.hit
[09:48:29] [Render thread/WARN]: Missing sound for event: minecraft:entity.sulfur_cube.sticky.push
[09:48:29] [Render thread/WARN]: Missing sound for event: minecraft:entity.sulfur_cube.high_resistance.hit
[09:48:29] [Render thread/WARN]: Missing sound for event: minecraft:entity.sulfur_cube.high_resistance.push
[09:48:29] [Render thread/WARN]: Missing sound for event: minecraft:entity.sulfur_cube.explosive.hit
[09:48:29] [Render thread/WARN]: Missing sound for event: minecraft:entity.sulfur_cube.explosive.push
[09:48:29] [Render thread/WARN]: Missing sound for event: minecraft:entity.sulfur_cube.hot.hit
[09:48:29] [Render thread/WARN]: Missing sound for event: minecraft:entity.sulfur_cube.hot.push
[09:48:29] [Render thread/WARN]: Missing sound for event: minecraft:entity.sulfur_cube.squish
[09:48:29] [Render thread/WARN]: Missing sound for event: minecraft:block.potent_sulfur.noxious_gas
[09:48:29] [Render thread/WARN]: Missing sound for event: minecraft:entity.small_sulfur_cube.death
[09:48:29] [Render thread/WARN]: Missing sound for event: minecraft:entity.small_sulfur_cube.hurt
[09:48:29] [Render thread/WARN]: Missing sound for event: minecraft:entity.small_sulfur_cube.jump
[09:48:29] [Render thread/WARN]: Missing sound for event: minecraft:entity.small_sulfur_cube.squish
[09:48:29] [Render thread/WARN]: Missing sound for event: minecraft:entity.small_sulfur_cube.eat
[09:48:30] [Render thread/INFO]: OpenAL initialized on device OpenAL Soft on Speaker (Realtek(R) Audio)
[09:48:30] [Render thread/INFO]: Sound engine started
[09:48:30] [Render thread/INFO]: Created: 512x256x0 minecraft:textures/atlas/particles.png-atlas
[09:48:36] [Render thread/INFO]: Created: 128x128x0 minecraft:textures/atlas/decorated_pot.png-atlas
[09:48:36] [Render thread/INFO]: Created: 2048x1024x0 minecraft:textures/atlas/armor_trims.png-atlas
[09:48:46] [Render thread/INFO]: Created: 512x256x0 minecraft:textures/atlas/paintings.png-atlas
[09:48:47] [Render thread/INFO]: Created: 1024x512x0 minecraft:textures/atlas/shield_patterns.png-atlas
[09:48:48] [Render thread/INFO]: Created: 2048x2048x4 minecraft:textures/atlas/blocks.png-atlas
[09:50:34] [Render thread/INFO]: Created: 512x512x0 minecraft:textures/atlas/chest.png-atlas
[09:50:35] [Render thread/INFO]: Created: 256x128x0 minecraft:textures/atlas/celestials.png-atlas
[09:50:36] [Render thread/INFO]: Created: 1024x512x0 minecraft:textures/atlas/banner_patterns.png-atlas
[09:50:38] [Render thread/INFO]: Created: 1024x512x0 minecraft:textures/atlas/items.png-atlas
[09:51:15] [Render thread/INFO]: Created: 1024x1024x0 minecraft:textures/atlas/gui.png-atlas
[09:52:06] [Render thread/INFO]: Created: 128x64x0 minecraft:textures/atlas/map_decorations.png-atlas
[09:52:07] [Render thread/INFO]: Created: 512x512x0 minecraft:textures/atlas/shulker_boxes.png-atlas
[09:52:10] [Render thread/INFO]: [STDOUT]: [Copper] TitleScreenMixin WORKED!
[09:52:10] [Render thread/INFO]: [STDOUT]: [Copper] TitleScreenMixin WORKED!
[09:52:11] [Download-3/INFO]: Could not authorize you against Realms server: java.lang.RuntimeException: Failed to parse into SignedJWT: 0
[09:52:11] [Download-3/ERROR]: Couldn't connect to realms
com.mojang.realmsclient.exception.RealmsServiceException: Realms authentication error with message 'java.lang.RuntimeException: Failed to parse into SignedJWT: 0'
	at com.mojang.realmsclient.client.RealmsClient.execute(RealmsClient.java:528)
	at com.mojang.realmsclient.client.RealmsClient.clientCompatible(RealmsClient.java:308)
	at com.mojang.realmsclient.RealmsAvailability.lambda$check$0(RealmsAvailability.java:48)
	at java.base/java.util.concurrent.CompletableFuture$AsyncSupply.run(CompletableFuture.java:1789)
	at java.base/java.util.concurrent.ThreadPoolExecutor.runWorker(ThreadPoolExecutor.java:1090)
	at java.base/java.util.concurrent.ThreadPoolExecutor$Worker.run(ThreadPoolExecutor.java:614)
	at java.base/java.lang.Thread.run(Thread.java:1474)
[09:52:16] [Render thread/INFO]: [STDOUT]: [Copper] TitleScreenMixin WORKED!
[09:52:21] [Render thread/ERROR]: Error executing task on Client
net.minecraft.ReportedException: mouseClicked event handler
	at net.minecraft.client.MouseHandler.onButton(MouseHandler.java:128)
	at net.minecraft.client.MouseHandler.lambda$setup$3(MouseHandler.java:239)
	at net.minecraft.util.thread.BlockableEventLoop.doRunTask(BlockableEventLoop.java:173)
	at net.minecraft.util.thread.ReentrantBlockableEventLoop.doRunTask(ReentrantBlockableEventLoop.java:23)
	at net.minecraft.util.thread.BlockableEventLoop.execute(BlockableEventLoop.java:114)
	at net.minecraft.client.MouseHandler.lambda$setup$2(MouseHandler.java:239)
	at org.lwjgl.system.JNI.invokeV(JNI.java:1664)
	at org.lwjgl.glfw.GLFW.glfwPollEvents(GLFW.java:1600)
	at com.mojang.blaze3d.systems.RenderSystem.pollEvents(RenderSystem.java:117)
	at net.minecraft.client.Minecraft.run(Minecraft.java:958)
	at net.minecraft.client.main.Main.main(Main.java:292)
	at java.base/jdk.internal.reflect.DirectMethodHandleAccessor.invoke(DirectMethodHandleAccessor.java:104)
	at java.base/java.lang.reflect.Method.invoke(Method.java:565)
	at net.copper.CopperLauncher.main(CopperLauncher.java:67)
Caused by: java.lang.IncompatibleClassChangeError: Class org.apache.commons.lang3.mutable.MutableObject does not implement the requested interface java.util.function.Supplier
	at com.mojang.serialization.Codec.lambda$lazyInitialized$9(Codec.java:205)
	at com.mojang.serialization.Codec$RecursiveCodec.lambda$new$0(Codec.java:214)
	at com.google.common.base.Suppliers$NonSerializableMemoizingSupplier.get(Suppliers.java:201)
	at com.mojang.serialization.Codec$RecursiveCodec.decode(Codec.java:219)
	at com.mojang.serialization.Decoder.parse(Decoder.java:18)
	at com.mojang.serialization.codecs.FieldDecoder.decode(FieldDecoder.java:29)
	at com.mojang.serialization.MapCodec$2.decode(MapCodec.java:78)
	at com.mojang.serialization.codecs.RecordCodecBuilder$Instance$3.decode(RecordCodecBuilder.java:248)
	at com.mojang.serialization.codecs.RecordCodecBuilder$2.decode(RecordCodecBuilder.java:107)
	at com.mojang.serialization.MapDecoder.lambda$compressedDecode$1(MapDecoder.java:52)
	at com.mojang.serialization.DataResult$Success.flatMap(DataResult.java:201)
	at com.mojang.serialization.MapDecoder.compressedDecode(MapDecoder.java:52)
	at com.mojang.serialization.MapCodec$MapCodecCodec.decode(MapCodec.java:159)
	at com.mojang.serialization.Decoder.parse(Decoder.java:18)
	at net.minecraft.resources.RegistryLoadTask$PendingRegistration.loadFromResource(RegistryLoadTask.java:113)
	at net.minecraft.resources.ResourceManagerRegistryLoadTask.lambda$load$2(ResourceManagerRegistryLoadTask.java:46)
	at net.minecraft.util.thread.ParallelMapTransform$Container.applyOperation(ParallelMapTransform.java:89)
	at net.minecraft.util.thread.ParallelMapTransform$BatchedTaskSplitter.lambda$createTask$0(ParallelMapTransform.java:213)
	at java.base/java.util.concurrent.CompletableFuture$AsyncRun.run(CompletableFuture.java:1825)
	at java.base/java.util.concurrent.CompletableFuture$AsyncRun.exec(CompletableFuture.java:1817)
	at java.base/java.util.concurrent.ForkJoinTask.doExec(ForkJoinTask.java:511)
	at java.base/java.util.concurrent.ForkJoinPool$WorkQueue.topLevelExec(ForkJoinPool.java:1450)
	at java.base/java.util.concurrent.ForkJoinPool.runWorker(ForkJoinPool.java:2019)
	at java.base/java.util.concurrent.ForkJoinWorkerThread.run(ForkJoinWorkerThread.java:187)
[09:52:37] [Render thread/INFO]: Stopping!
