#
# A fatal error has been detected by the Java Runtime Environment:
#
#  EXCEPTION_ACCESS_VIOLATION (0xc0000005) at pc=0x00007ffe699ec77c, pid=10244, tid=11740
#
# JRE version: OpenJDK Runtime Environment Temurin-25.0.4+7 (25.0.4+7) (build 25.0.4+7-LTS)
# Java VM: OpenJDK 64-Bit Server VM Temurin-25.0.4+7 (25.0.4+7-LTS, mixed mode, sharing, tiered, compressed oops, compressed class ptrs, g1 gc, windows-amd64)
# Problematic frame:
# C  [ig11icd64.dll+0x5fc77c]
#
# No core dump will be written. Minidumps are not enabled by default on client versions of Windows
#
# If you would like to submit a bug report, please visit:
#   https://github.com/adoptium/adoptium-support/issues
#

---------------  S U M M A R Y ------------

Command Line: -Djava.library.path=C:\Users\Zizo\Copper\libs\natives -Xmx2G -Dfile.encoding=UTF-8 -Duser.country=US -Duser.language=en -Duser.variant net.minecraft.client.main.Main --version Copper --accessToken 0 --username Player --gameDir C:\Users\Zizo\Copper\run --assetsDir C:\Users\Zizo\Copper\assets

Host: Intel(R) Core(TM) i3-1005G1 CPU @ 1.20GHz, 4 cores, 7G,  Windows 11 , 64 bit Build 26100 (10.0.26100.9168)
Time: Sat Aug 29 12:01:26 2026 Eastern Daylight Time elapsed time: 21.797593 seconds (0d 0h 0m 21s)

---------------  T H R E A D  ---------------

Current thread (0x0000019434de6fd0):  VMThread "VM Thread"          [id=11740, stack(0x00000063b1f00000,0x00000063b2000000) (1024K)]

Stack: [0x00000063b1f00000,0x00000063b2000000],  sp=0x00000063b1ffe380,  free space=1016k
Native frames: (J=compiled Java code, j=interpreted, Vv=VM code, C=native code)
C  [ig11icd64.dll+0x5fc77c]  (no source info available)
C  [ig11icd64.dll+0x5dd85d]  (no source info available)
C  [ig11icd64.dll+0x6d745c]  (no source info available)
C  [ig11icd64.dll+0x63c108]  (no source info available)
C  [ig11icd64.dll+0x6d39d9]  (no source info available)
C  [ig11icd64.dll+0x5d88a0]  (no source info available)
C  [ig11icd64.dll+0x5d86e9]  (no source info available)
C  [ig11icd64.dll+0x588b6b]  (no source info available)
C  [ntdll.dll+0x15e06a]  (no source info available)
C  [ntdll.dll+0x3f723]  (no source info available)
C  [ntdll.dll+0xabd3f]  (no source info available)
C  [ntdll.dll+0xaaeae]  (no source info available)
C  [KERNEL32.DLL+0x414bb]  (no source info available)
C  [ucrtbase.dll+0xa0813]  (no source info available)
V  [jvm.dll+0x7a39da]  (no source info available)
V  [jvm.dll+0x7a3ea1]  (no source info available)
V  [jvm.dll+0x7a39c0]  (no source info available)
V  [jvm.dll+0x47cab4]  (no source info available)
V  [jvm.dll+0xa04942]  (no source info available)
V  [jvm.dll+0xa05c61]  (no source info available)
V  [jvm.dll+0xa061d8]  (no source info available)
V  [jvm.dll+0xa06473]  (no source info available)
V  [jvm.dll+0x99cb1d]  (no source info available)
V  [jvm.dll+0x7aa025]  (no source info available)
C  [ucrtbase.dll+0x2cd30]  (no source info available)
C  [KERNEL32.DLL+0x2ccb7]  (no source info available)
C  [ntdll.dll+0xaad6c]  (no source info available)


siginfo: EXCEPTION_ACCESS_VIOLATION (0xc0000005), reading address 0x00000000000357f8


Registers:
RAX=0x000001943c109310, RBX=0x000001943c1091c0, RCX=0x0000000000000000, RDX=0x000001943d35e5d0
RSP=0x00000063b1ffe380, RBP=0x000001943c10ca90, RSI=0x000001943c109790, RDI=0x000001943e455a90
R8 =0x0000000000000014, R9 =0x000001943c1092c8, R10=0x0000000000000000, R11=0x0000000000000246
R12=0x000001943f37ae00, R13=0x0000000000000000, R14=0x0000000000000000, R15=0x0000000000000000
RIP=0x00007ffe699ec77c, EFLAGS=0x0000000000010202

XMM[0]=0x0000000000000000 0x0000000000000000
XMM[1]=0x0000000000000000 0x0000000000000000
XMM[2]=0x0000000000000000 0x0000000000000000
XMM[3]=0x0000000000000000 0x0000000000000000
XMM[4]=0x0000000000000000 0x0000000000000000
XMM[5]=0x0000000000000000 0x0000000000000000
XMM[6]=0x0000000000000000 0x0000000000000000
XMM[7]=0x0000000000000000 0x404e000000000000
XMM[8]=0x0000000000000000 0x0000000000000000
XMM[9]=0x0000000000000000 0x0000000000000000
XMM[10]=0x0000000000000000 0x0000000000000000
XMM[11]=0x0000000000000000 0x0000000000000000
XMM[12]=0x0000000000000000 0x0000000000000000
XMM[13]=0x0000000000000000 0x0000000000000000
XMM[14]=0x0000000000000000 0x0000000000000000
XMM[15]=0x0000000000000000 0x0000000000000000
  MXCSR=0x00001fa0


Register to memory mapping:

RAX=0x000001943c109310 points into unknown readable memory: 0x000000000000004a | 4a 00 00 00 00 00 00 00
RBX=0x000001943c1091c0 points into unknown readable memory: 0x000001943d37af30 | 30 af 37 3d 94 01 00 00
RCX=0x0 is null
RDX=0x000001943d35e5d0 points into unknown readable memory: 0x0000000000000000 | 00 00 00 00 00 00 00 00
RSP=0x00000063b1ffe380 points into unknown readable memory: 0x000001943b62ffc0 | c0 ff 62 3b 94 01 00 00
RBP=0x000001943c10ca90 points into unknown readable memory: 0x000001943d37af30 | 30 af 37 3d 94 01 00 00
RSI=0x000001943c109790 points into unknown readable memory: 0x000001943c10ca90 | 90 ca 10 3c 94 01 00 00
RDI=0x000001943e455a90 points into unknown readable memory: 0x0000000000000000 | 00 00 00 00 00 00 00 00
R8 =0x0000000000000014 is an unknown value
R9 =0x000001943c1092c8 points into unknown readable memory: 0x0000000000000000 | 00 00 00 00 00 00 00 00
R10=0x0 is null
R11=0x0000000000000246 is an unknown value
R12=0x000001943f37ae00 points into unknown readable memory: 0x0000000000040000 | 00 00 04 00 00 00 00 00
R13=0x0 is null
R14=0x0 is null
R15=0x0 is null

Top of Stack: (sp=0x00000063b1ffe380)
0x00000063b1ffe380:   000001943b62ffc0 0357b2d502ff65d5   ..b;.....e....W.
0x00000063b1ffe390:   00000063b1ffe3c8 0000005400000000   ....c.......T...
0x00000063b1ffe3a0:   000000000000001d 0000000000000000   ................
0x00000063b1ffe3b0:   0000b80219b40000 000001943f37ae00   ..........7?....
0x00000063b1ffe3c0:   0000000000000000 00007ffe699cd85d   ........]..i....
0x00000063b1ffe3d0:   000001943b62ffc0 000001943e455a90   ..b;.....ZE>....
0x00000063b1ffe3e0:   00000063b1ffe4d0 000000000000004b   ....c...K.......
0x00000063b1ffe3f0:   0000006300001124 01b093e100000000   $...c...........
0x00000063b1ffe400:   0000000000000000 035739e20374ece1   ..........t..9W.
0x00000063b1ffe410:   02c8e2e2036352e2 037087e40383ede3   .Rc...........p.
0x00000063b1ffe420:   035f47e502bc24e5 03659ce503814fe5   .$...G_..O....e.
0x00000063b1ffe430:   029acee502ccc3e5 03a845e603ad3ae6   .........:...E..
0x00000063b1ffe440:   0392bce6033c73e6 031b55e702ec1be7   .s<..........U..
0x00000063b1ffe450:   038065e703975fe7 037c00e8033a74e7   ._...e...t:...|.
0x00000063b1ffe460:   03921fe8035e0ae8 03a9d1e8023844e8   ..^......D8.....
0x00000063b1ffe470:   033ef1e9039b5fe9 02a354ea034834ea   ._....>..4H..T..
0x00000063b1ffe480:   0000b80219b40000 0000000000001124   ........$.......
0x00000063b1ffe490:   0000000000000000 4000300000000001   .............0.@
0x00000063b1ffe4a0:   0000000000000000 0000000000000000   ................
0x00000063b1ffe4b0:   0000000000000000 0000000000000000   ................
0x00000063b1ffe4c0:   0000000000000000 0000000000000000   ................
0x00000063b1ffe4d0:   0000000000000000 0000000000000000   ................
0x00000063b1ffe4e0:   0000000000000000 0000000000000000   ................
0x00000063b1ffe4f0:   0000000000000000 0000000000000000   ................
0x00000063b1ffe500:   0000000000000000 0000000000000000   ................
0x00000063b1ffe510:   0000000000000000 0000000000000000   ................
0x00000063b1ffe520:   0000000000000000 0000000000000000   ................
0x00000063b1ffe530:   0000000000000000 0000000000000000   ................
0x00000063b1ffe540:   0000000000000000 0000000000000000   ................
0x00000063b1ffe550:   0000000000000000 0000000000000000   ................
0x00000063b1ffe560:   0000000000000000 0000000000000000   ................
0x00000063b1ffe570:   0000000000000000 0000000000000000   ................

Instructions: (pc=0x00007ffe699ec77c)
  0x00007ffe699ec67c:   24 01 75 05 e8 63 c6 f8 ff 65 48 8b 04 25 58 00
  0x00007ffe699ec68c:   00 00 41 be 20 00 00 00 48 8b 04 30 4d 8b 34 06
  0x00007ffe699ec69c:   48 85 ed 0f 84 39 03 00 00 66 66 66 0f 1f 84 00
  0x00007ffe699ec6ac:   00 00 00 00 48 8b dd 48 8d b5 d0 05 00 00 48 8b
  0x00007ffe699ec6bc:   2e 45 84 ff 74 1d 48 8b 0b 48 8b d3 80 bb 28 06
  0x00007ffe699ec6cc:   00 00 00 0f 85 bc 02 00 00 e8 46 66 fe ff e9 be
  0x00007ffe699ec6dc:   02 00 00 8b 8f c8 01 00 00 4c 8d 8b 08 01 00 00
  0x00007ffe699ec6ec:   48 8b 05 ad fb 94 00 83 b8 70 03 00 00 02 0f 85
  0x00007ffe699ec6fc:   d6 00 00 00 83 f9 10 73 0a 48 8d 0c c9 49 8d 04
  0x00007ffe699ec70c:   c9 eb 5a 8d 51 f0 8b c2 c1 e8 04 83 f8 03 73 1d
  0x00007ffe699ec71c:   0f ae e8 83 e2 0f 4d 8b 84 c1 80 04 00 00 4d 85
  0x00007ffe699ec72c:   c0 74 23 48 8d 0c d2 49 8d 04 c8 eb 30 49 8b 81
  0x00007ffe699ec73c:   98 04 00 00 48 85 c0 74 0d 39 08 74 2b 48 8b 40
  0x00007ffe699ec74c:   50 48 85 c0 75 f3 41 80 b9 a0 04 00 00 00 74 1e
  0x00007ffe699ec75c:   8b c1 83 e0 0f 48 8d 04 c0 49 8d 04 c1 48 85 c0
  0x00007ffe699ec76c:   74 0c 48 8b 48 08 eb 08 48 83 c0 08 eb ef 33 c9
=>0x00007ffe699ec77c:   49 3b 8e f8 57 03 00 76 51 48 8b 87 78 02 00 00
  0x00007ffe699ec78c:   48 89 06 48 89 9f 78 02 00 00 ff 87 80 02 00 00
  0x00007ffe699ec79c:   48 8b 43 08 48 8b 88 18 01 00 00 48 81 e1 00 00
  0x00007ffe699ec7ac:   ff ff 48 81 c1 00 00 01 00 48 01 8f 88 02 00 00
  0x00007ffe699ec7bc:   48 8b 43 08 48 8b 88 18 01 00 00 48 01 8f a0 02
  0x00007ffe699ec7cc:   00 00 41 b4 01 e9 c7 01 00 00 44 8b 9f c8 01 00
  0x00007ffe699ec7dc:   00 48 8b 87 e0 01 00 00 4c 8b 10 8b 8f c8 01 00
  0x00007ffe699ec7ec:   00 83 f9 10 73 0a 48 8d 0c c9 49 8d 04 c9 eb 5a
  0x00007ffe699ec7fc:   8d 51 f0 8b c2 c1 e8 04 83 f8 03 73 1d 0f ae e8
  0x00007ffe699ec80c:   83 e2 0f 4d 8b 84 c1 80 04 00 00 4d 85 c0 74 23
  0x00007ffe699ec81c:   48 8d 0c d2 49 8d 04 c8 eb 30 49 8b 81 98 04 00
  0x00007ffe699ec82c:   00 48 85 c0 74 0d 39 08 74 44 48 8b 40 50 48 85
  0x00007ffe699ec83c:   c0 75 f3 41 80 b9 a0 04 00 00 00 74 1c 8b c1 83
  0x00007ffe699ec84c:   e0 0f 48 8d 04 c0 49 8d 04 c1 48 85 c0 74 0a 4c
  0x00007ffe699ec85c:   39 50 08 0f 87 92 00 00 00 8b 8f c8 01 00 00 83
  0x00007ffe699ec86c:   f9 10 73 10 48 8d 0c c9 49 8d 04 c9 eb 64 48 83


Stack slot to memory mapping:

stack at sp + 0 slots: 0x000001943b62ffc0 points into unknown readable memory: 0xffffffffffffffff | ff ff ff ff ff ff ff ff
stack at sp + 1 slots: 0x0357b2d502ff65d5 is an unknown value
stack at sp + 2 slots: 0x00000063b1ffe3c8 points into unknown readable memory: 0x00007ffe699cd85d | 5d d8 9c 69 fe 7f 00 00
stack at sp + 3 slots: 0x0000005400000000 is an unknown value
stack at sp + 4 slots: 0x000000000000001d is an unknown value
stack at sp + 5 slots: 0x0 is null
stack at sp + 6 slots: 0x0000b80219b40000 is an unknown value
stack at sp + 7 slots: 0x000001943f37ae00 points into unknown readable memory: 0x0000000000040000 | 00 00 04 00 00 00 00 00

VM_Operation (0x00000063b18fef80): Exit, mode: safepoint, requested by thread 0x000001941634f7c0


---------------  P R O C E S S  ---------------

Threads class SMR info:
_java_thread_list=0x000001943de8a090, length=18, elements={
0x000001941634f7c0, 0x0000019434dfe0e0, 0x0000019434dff810, 0x0000019434e02b90,
0x0000019434e0ce40, 0x0000019434e0da00, 0x0000019434e0f190, 0x0000019434e1b650,
0x000001943903f0f0, 0x000001943904dbb0, 0x000001943bafed40, 0x000001943c2fc740,
0x000001943c2fcf10, 0x000001943c302500, 0x000001943c3005c0, 0x000001943d196950,
0x000001943c33a870, 0x000001943a2e0aa0
}

Java Threads: ( => current thread )
  0x000001941634f7c0 JavaThread "Render thread"                     [_thread_blocked, id=2300, stack(0x00000063b1800000,0x00000063b1900000) (1024K)]
  0x0000019434dfe0e0 JavaThread "Reference Handler"          daemon [_thread_blocked, id=10564, stack(0x00000063b2000000,0x00000063b2100000) (1024K)]
  0x0000019434dff810 JavaThread "Finalizer"                  daemon [_thread_blocked, id=15816, stack(0x00000063b2100000,0x00000063b2200000) (1024K)]
  0x0000019434e02b90 JavaThread "Attach Listener"            daemon [_thread_blocked, id=14804, stack(0x00000063b2300000,0x00000063b2400000) (1024K)]
  0x0000019434e0ce40 JavaThread "Service Thread"             daemon [_thread_blocked, id=5676, stack(0x00000063b2400000,0x00000063b2500000) (1024K)]
  0x0000019434e0da00 JavaThread "Monitor Deflation Thread"   daemon [_thread_blocked, id=13788, stack(0x00000063b2500000,0x00000063b2600000) (1024K)]
  0x0000019434e0f190 JavaThread "C2 CompilerThread0"         daemon [_thread_blocked, id=9680, stack(0x00000063b2600000,0x00000063b2700000) (1024K)]
  0x0000019434e1b650 JavaThread "C1 CompilerThread0"         daemon [_thread_blocked, id=7512, stack(0x00000063b2700000,0x00000063b2800000) (1024K)]
  0x000001943903f0f0 JavaThread "Notification Thread"        daemon [_thread_blocked, id=3188, stack(0x00000063b2800000,0x00000063b2900000) (1024K)]
  0x000001943904dbb0 JavaThread "Common-Cleaner"             daemon [_thread_blocked, id=11716, stack(0x00000063b2900000,0x00000063b2a00000) (1024K)]
  0x000001943bafed40 JavaThread "JNA Cleaner"                daemon [_thread_blocked, id=13592, stack(0x00000063b2f00000,0x00000063b3000000) (1024K)]
  0x000001943c2fc740 JavaThread "Timer hack thread"          daemon [_thread_blocked, id=1648, stack(0x00000063b2e00000,0x00000063b2f00000) (1024K)]
  0x000001943c2fcf10 JavaThread "Yggdrasil Key Fetcher"      daemon [_thread_blocked, id=14340, stack(0x00000063b3300000,0x00000063b3400000) (1024K)]
  0x000001943c302500 JavaThread "Download-1"                 daemon [_thread_blocked, id=16260, stack(0x00000063b3400000,0x00000063b3500000) (1024K)]
  0x000001943c3005c0 JavaThread "Download-2"                 daemon [_thread_blocked, id=4812, stack(0x00000063b3500000,0x00000063b3600000) (1024K)]
  0x000001943d196950 JavaThread "Keep-Alive-Timer"           daemon [_thread_blocked, id=2560, stack(0x00000063b3b00000,0x00000063b3c00000) (1024K)]
  0x000001943c33a870 JavaThread "C2 CompilerThread1"         daemon [_thread_blocked, id=15800, stack(0x00000063b3800000,0x00000063b3900000) (1024K)]
  0x000001943a2e0aa0 JavaThread "Sound engine"               daemon [_thread_blocked, id=9108, stack(0x00000063b3e00000,0x00000063b3f00000) (1024K)]
Total: 18

Other Threads:
=>0x0000019434de6fd0 VMThread "VM Thread"                           [id=11740, stack(0x00000063b1f00000,0x00000063b2000000) (1024K)]
  0x00000194186aa520 WorkerThread "GC Thread#0"                     [id=14968, stack(0x00000063b1900000,0x00000063b1a00000) (1024K)]
  0x0000019439764dd0 WorkerThread "GC Thread#1"                     [id=14704, stack(0x00000063b2b00000,0x00000063b2c00000) (1024K)]
  0x000001943956a080 WorkerThread "GC Thread#2"                     [id=9000, stack(0x00000063b2c00000,0x00000063b2d00000) (1024K)]
  0x0000019439efd690 WorkerThread "GC Thread#3"                     [id=12772, stack(0x00000063b2d00000,0x00000063b2e00000) (1024K)]
  0x00000194186c4440 ConcurrentGCThread "G1 Main Marker"            terminated
  0x00000194186c4fe0 WorkerThread "G1 Conc#0"                       [id=2728, stack(0x00000063b1b00000,0x00000063b1c00000) (1024K)]
  0x0000019434ca2090 ConcurrentGCThread "G1 Refine#0"               terminated
  0x0000019434ca2950 ConcurrentGCThread "G1 Service"                terminated
Total: 9

Threads with active compile tasks:
Total: 0

VM state: at safepoint (shutting down)

VM Mutex/Monitor currently owned by a thread:  ([mutex/lock_event])
[0x00007ffe963ef758] Threads_lock - owner thread: 0x0000019434de6fd0
[0x00007ffe963ef8d8] Heap_lock - owner thread: 0x000001941634f7c0

Heap address: 0x0000000080000000, size: 2048 MB, Compressed Oops mode: 32-bit

CDS archive(s) mapped at: [0x000000001a000000-0x000000001adb0000-0x000000001adb0000), size 14352384, SharedBaseAddress: 0x000000001a000000, ArchiveRelocationMode: 1.
Compressed class space mapped at: 0x000000001b000000-0x000000005b000000, reserved size: 1073741824
UseCompressedClassPointers 1, UseCompactObjectHeaders 0
Narrow klass pointer bits 32, Max shift 3
Narrow klass base: 0x000000001a000000, Narrow klass shift: 0
Encoding Range: [0x000000001a000000 - 0x000000011a000000), (4294967296 bytes)
Klass Range:    [0x000000001a010000 - 0x000000005b000000), (1090453504 bytes)
Klass ID Range:  [65536 - 1090519033) (1090453497)
Protection zone: [0x000000001a000000 - 0x000000001a010000), (65536 bytes)

GC Precious Log:
 CardTable entry size: 512
 Card Set container configuration: InlinePtr #cards 5 size 8 Array Of Cards #cards 10 size 36 Howl #buckets 4 coarsen threshold 1843 Howl Bitmap #cards 512 size 80 coarsen threshold 460 Card regions per heap region 1 cards per card region 2048
 CPUs: 4 total, 4 available
 Memory: 7879M
 Large Page Support: Disabled
 NUMA Support: Disabled
 Compressed Oops: Enabled (32-bit)
 Heap Region Size: 1M
 Heap Min Capacity: 8M
 Heap Initial Capacity: 124M
 Heap Max Capacity: 2G
 Pre-touch: Disabled
 Parallel Workers: 4
 Concurrent Workers: 1
 Concurrent Refinement Workers: 4
 Periodic GC: Disabled

Heap:
 garbage-first heap   total reserved 2097152K, committed 284672K, used 214187K [0x0000000080000000, 0x0000000100000000)
  region size 1024K, 75 young (76800K), 16 survivors (16384K)

Heap Regions: E=young(eden), S=young(survivor), O=old, HS=humongous(starts), HC=humongous(continues), CS=collection set, F=free, TAMS=top-at-mark-start, PB=parsable bottom
|   0|0x0000000080000000, 0x0000000080100000, 0x0000000080100000|100%|HS|  |TAMS 0x0000000080000000| PB 0x0000000080000000| Complete |  0
|   1|0x0000000080100000, 0x0000000080200000, 0x0000000080200000|100%|HC|  |TAMS 0x0000000080100000| PB 0x0000000080100000| Complete |  0
|   2|0x0000000080200000, 0x0000000080300000, 0x0000000080300000|100%|HC|  |TAMS 0x0000000080200000| PB 0x0000000080200000| Complete |  0
|   3|0x0000000080300000, 0x0000000080400000, 0x0000000080400000|100%|HC|  |TAMS 0x0000000080300000| PB 0x0000000080300000| Complete |  0
|   4|0x0000000080400000, 0x0000000080500000, 0x0000000080500000|100%|HS|  |TAMS 0x0000000080400000| PB 0x0000000080400000| Complete |  0
|   5|0x0000000080500000, 0x0000000080600000, 0x0000000080600000|100%|HC|  |TAMS 0x0000000080500000| PB 0x0000000080500000| Complete |  0
|   6|0x0000000080600000, 0x0000000080700000, 0x0000000080700000|100%| O|  |TAMS 0x0000000080600000| PB 0x0000000080600000| Untracked |  0
|   7|0x0000000080700000, 0x0000000080800000, 0x0000000080800000|100%| O|  |TAMS 0x0000000080700000| PB 0x0000000080700000| Untracked |  0
|   8|0x0000000080800000, 0x0000000080900000, 0x0000000080900000|100%| O|  |TAMS 0x0000000080800000| PB 0x0000000080800000| Untracked |  0
|   9|0x0000000080900000, 0x0000000080a00000, 0x0000000080a00000|100%| O|  |TAMS 0x0000000080900000| PB 0x0000000080900000| Untracked |  0
|  10|0x0000000080a00000, 0x0000000080b00000, 0x0000000080b00000|100%| O|  |TAMS 0x0000000080a00000| PB 0x0000000080a00000| Untracked |  0
|  11|0x0000000080b00000, 0x0000000080c00000, 0x0000000080c00000|100%| O|  |TAMS 0x0000000080b00000| PB 0x0000000080b00000| Untracked |  0
|  12|0x0000000080c00000, 0x0000000080d00000, 0x0000000080d00000|100%| O|  |TAMS 0x0000000080c00000| PB 0x0000000080c00000| Untracked |  0
|  13|0x0000000080d00000, 0x0000000080e00000, 0x0000000080e00000|100%| O|  |TAMS 0x0000000080d00000| PB 0x0000000080d00000| Untracked |  0
|  14|0x0000000080e00000, 0x0000000080f00000, 0x0000000080f00000|100%| O|  |TAMS 0x0000000080e00000| PB 0x0000000080e00000| Untracked |  0
|  15|0x0000000080f00000, 0x0000000081000000, 0x0000000081000000|100%| O|  |TAMS 0x0000000080f00000| PB 0x0000000080f00000| Untracked |  0
|  16|0x0000000081000000, 0x0000000081100000, 0x0000000081100000|100%| O|  |TAMS 0x0000000081000000| PB 0x0000000081000000| Untracked |  0
|  17|0x0000000081100000, 0x0000000081200000, 0x0000000081200000|100%| O|  |TAMS 0x0000000081100000| PB 0x0000000081100000| Untracked |  0
|  18|0x0000000081200000, 0x0000000081300000, 0x0000000081300000|100%| O|  |TAMS 0x0000000081200000| PB 0x0000000081200000| Untracked |  0
|  19|0x0000000081300000, 0x0000000081400000, 0x0000000081400000|100%| O|  |TAMS 0x0000000081300000| PB 0x0000000081300000| Untracked |  0
|  20|0x0000000081400000, 0x0000000081500000, 0x0000000081500000|100%| O|  |TAMS 0x0000000081400000| PB 0x0000000081400000| Untracked |  0
|  21|0x0000000081500000, 0x0000000081600000, 0x0000000081600000|100%| O|  |TAMS 0x0000000081500000| PB 0x0000000081500000| Untracked |  0
|  22|0x0000000081600000, 0x0000000081700000, 0x0000000081700000|100%| O|  |TAMS 0x0000000081600000| PB 0x0000000081600000| Untracked |  0
|  23|0x0000000081700000, 0x0000000081800000, 0x0000000081800000|100%| O|  |TAMS 0x0000000081700000| PB 0x0000000081700000| Untracked |  0
|  24|0x0000000081800000, 0x0000000081900000, 0x0000000081900000|100%| O|  |TAMS 0x0000000081800000| PB 0x0000000081800000| Untracked |  0
|  25|0x0000000081900000, 0x0000000081a00000, 0x0000000081a00000|100%| O|  |TAMS 0x0000000081900000| PB 0x0000000081900000| Untracked |  0
|  26|0x0000000081a00000, 0x0000000081b00000, 0x0000000081b00000|100%| O|  |TAMS 0x0000000081a00000| PB 0x0000000081a00000| Untracked |  0
|  27|0x0000000081b00000, 0x0000000081c00000, 0x0000000081c00000|100%| O|  |TAMS 0x0000000081b00000| PB 0x0000000081b00000| Untracked |  0
|  28|0x0000000081c00000, 0x0000000081d00000, 0x0000000081d00000|100%| O|  |TAMS 0x0000000081c00000| PB 0x0000000081c00000| Untracked |  0
|  29|0x0000000081d00000, 0x0000000081e00000, 0x0000000081e00000|100%| O|  |TAMS 0x0000000081d00000| PB 0x0000000081d00000| Untracked |  0
|  30|0x0000000081e00000, 0x0000000081f00000, 0x0000000081f00000|100%| O|  |TAMS 0x0000000081e00000| PB 0x0000000081e00000| Untracked |  0
|  31|0x0000000081f00000, 0x0000000082000000, 0x0000000082000000|100%| O|  |TAMS 0x0000000081f00000| PB 0x0000000081f00000| Untracked |  0
|  32|0x0000000082000000, 0x0000000082100000, 0x0000000082100000|100%| O|  |TAMS 0x0000000082000000| PB 0x0000000082000000| Untracked |  0
|  33|0x0000000082100000, 0x0000000082200000, 0x0000000082200000|100%| O|  |TAMS 0x0000000082100000| PB 0x0000000082100000| Untracked |  0
|  34|0x0000000082200000, 0x0000000082300000, 0x0000000082300000|100%| O|  |TAMS 0x0000000082200000| PB 0x0000000082200000| Untracked |  0
|  35|0x0000000082300000, 0x0000000082400000, 0x0000000082400000|100%| O|  |TAMS 0x0000000082300000| PB 0x0000000082300000| Untracked |  0
|  36|0x0000000082400000, 0x0000000082500000, 0x0000000082500000|100%| O|  |TAMS 0x0000000082400000| PB 0x0000000082400000| Untracked |  0
|  37|0x0000000082500000, 0x0000000082600000, 0x0000000082600000|100%| O|  |TAMS 0x0000000082500000| PB 0x0000000082500000| Untracked |  0
|  38|0x0000000082600000, 0x0000000082700000, 0x0000000082700000|100%| O|Cm|TAMS 0x0000000082600000| PB 0x0000000082600000| Complete |  0
|  39|0x0000000082700000, 0x0000000082800000, 0x0000000082800000|100%| O|  |TAMS 0x0000000082700000| PB 0x0000000082700000| Untracked |  0
|  40|0x0000000082800000, 0x0000000082900000, 0x0000000082900000|100%| O|  |TAMS 0x0000000082800000| PB 0x0000000082800000| Untracked |  0
|  41|0x0000000082900000, 0x0000000082a00000, 0x0000000082a00000|100%| O|  |TAMS 0x0000000082900000| PB 0x0000000082900000| Untracked |  0
|  42|0x0000000082a00000, 0x0000000082b00000, 0x0000000082b00000|100%| O|  |TAMS 0x0000000082a00000| PB 0x0000000082a00000| Untracked |  0
|  43|0x0000000082b00000, 0x0000000082c00000, 0x0000000082c00000|100%| O|  |TAMS 0x0000000082b00000| PB 0x0000000082b00000| Untracked |  0
|  44|0x0000000082c00000, 0x0000000082d00000, 0x0000000082d00000|100%| O|  |TAMS 0x0000000082c00000| PB 0x0000000082c00000| Untracked |  0
|  45|0x0000000082d00000, 0x0000000082e00000, 0x0000000082e00000|100%| O|  |TAMS 0x0000000082d00000| PB 0x0000000082d00000| Untracked |  0
|  46|0x0000000082e00000, 0x0000000082f00000, 0x0000000082f00000|100%| O|  |TAMS 0x0000000082e00000| PB 0x0000000082e00000| Untracked |  0
|  47|0x0000000082f00000, 0x0000000083000000, 0x0000000083000000|100%| O|  |TAMS 0x0000000082f00000| PB 0x0000000082f00000| Untracked |  0
|  48|0x0000000083000000, 0x0000000083100000, 0x0000000083100000|100%| O|  |TAMS 0x0000000083000000| PB 0x0000000083000000| Untracked |  0
|  49|0x0000000083100000, 0x0000000083200000, 0x0000000083200000|100%| O|  |TAMS 0x0000000083100000| PB 0x0000000083100000| Untracked |  0
|  50|0x0000000083200000, 0x0000000083300000, 0x0000000083300000|100%| O|  |TAMS 0x0000000083200000| PB 0x0000000083200000| Untracked |  0
|  51|0x0000000083300000, 0x0000000083400000, 0x0000000083400000|100%| O|  |TAMS 0x0000000083300000| PB 0x0000000083300000| Untracked |  0
|  52|0x0000000083400000, 0x0000000083500000, 0x0000000083500000|100%| O|  |TAMS 0x0000000083400000| PB 0x0000000083400000| Untracked |  0
|  53|0x0000000083500000, 0x0000000083600000, 0x0000000083600000|100%| O|  |TAMS 0x0000000083500000| PB 0x0000000083500000| Untracked |  0
|  54|0x0000000083600000, 0x0000000083700000, 0x0000000083700000|100%| O|  |TAMS 0x0000000083600000| PB 0x0000000083600000| Untracked |  0
|  55|0x0000000083700000, 0x0000000083800000, 0x0000000083800000|100%| O|  |TAMS 0x0000000083700000| PB 0x0000000083700000| Untracked |  0
|  56|0x0000000083800000, 0x0000000083900000, 0x0000000083900000|100%| O|  |TAMS 0x0000000083800000| PB 0x0000000083800000| Untracked |  0
|  57|0x0000000083900000, 0x0000000083a00000, 0x0000000083a00000|100%| O|  |TAMS 0x0000000083900000| PB 0x0000000083900000| Untracked |  0
|  58|0x0000000083a00000, 0x0000000083b00000, 0x0000000083b00000|100%| O|  |TAMS 0x0000000083a00000| PB 0x0000000083a00000| Untracked |  0
|  59|0x0000000083b00000, 0x0000000083c00000, 0x0000000083c00000|100%| O|  |TAMS 0x0000000083b00000| PB 0x0000000083b00000| Untracked |  0
|  60|0x0000000083c00000, 0x0000000083d00000, 0x0000000083d00000|100%| O|  |TAMS 0x0000000083c00000| PB 0x0000000083c00000| Untracked |  0
|  61|0x0000000083d00000, 0x0000000083e00000, 0x0000000083e00000|100%| O|Cm|TAMS 0x0000000083d00000| PB 0x0000000083d00000| Complete |  0
|  62|0x0000000083e00000, 0x0000000083f00000, 0x0000000083f00000|100%| O|  |TAMS 0x0000000083e00000| PB 0x0000000083e00000| Untracked |  0
|  63|0x0000000083f00000, 0x0000000084000000, 0x0000000084000000|100%| O|  |TAMS 0x0000000083f00000| PB 0x0000000083f00000| Untracked |  0
|  64|0x0000000084000000, 0x0000000084100000, 0x0000000084100000|100%| O|  |TAMS 0x0000000084000000| PB 0x0000000084000000| Untracked |  0
|  65|0x0000000084100000, 0x0000000084200000, 0x0000000084200000|100%| O|Cm|TAMS 0x0000000084100000| PB 0x0000000084100000| Complete |  0
|  66|0x0000000084200000, 0x0000000084300000, 0x0000000084300000|100%| O|  |TAMS 0x0000000084200000| PB 0x0000000084200000| Untracked |  0
|  67|0x0000000084300000, 0x0000000084400000, 0x0000000084400000|100%| O|  |TAMS 0x0000000084300000| PB 0x0000000084300000| Untracked |  0
|  68|0x0000000084400000, 0x0000000084500000, 0x0000000084500000|100%| O|  |TAMS 0x0000000084400000| PB 0x0000000084400000| Untracked |  0
|  69|0x0000000084500000, 0x0000000084600000, 0x0000000084600000|100%| O|  |TAMS 0x0000000084500000| PB 0x0000000084500000| Untracked |  0
|  70|0x0000000084600000, 0x0000000084700000, 0x0000000084700000|100%| O|  |TAMS 0x0000000084600000| PB 0x0000000084600000| Untracked |  0
|  71|0x0000000084700000, 0x0000000084800000, 0x0000000084800000|100%| O|  |TAMS 0x0000000084700000| PB 0x0000000084700000| Untracked |  0
|  72|0x0000000084800000, 0x0000000084900000, 0x0000000084900000|100%| O|  |TAMS 0x0000000084800000| PB 0x0000000084800000| Untracked |  0
|  73|0x0000000084900000, 0x0000000084a00000, 0x0000000084a00000|100%| O|  |TAMS 0x0000000084900000| PB 0x0000000084900000| Untracked |  0
|  74|0x0000000084a00000, 0x0000000084b00000, 0x0000000084b00000|100%| O|  |TAMS 0x0000000084a00000| PB 0x0000000084a00000| Untracked |  0
|  75|0x0000000084b00000, 0x0000000084c00000, 0x0000000084c00000|100%| O|  |TAMS 0x0000000084b00000| PB 0x0000000084b00000| Untracked |  0
|  76|0x0000000084c00000, 0x0000000084d00000, 0x0000000084d00000|100%| O|  |TAMS 0x0000000084c00000| PB 0x0000000084c00000| Untracked |  0
|  77|0x0000000084d00000, 0x0000000084e00000, 0x0000000084e00000|100%| O|  |TAMS 0x0000000084d00000| PB 0x0000000084d00000| Untracked |  0
|  78|0x0000000084e00000, 0x0000000084f00000, 0x0000000084f00000|100%| O|  |TAMS 0x0000000084e00000| PB 0x0000000084e00000| Untracked |  0
|  79|0x0000000084f00000, 0x0000000085000000, 0x0000000085000000|100%| O|  |TAMS 0x0000000084f00000| PB 0x0000000084f00000| Untracked |  0
|  80|0x0000000085000000, 0x0000000085100000, 0x0000000085100000|100%| O|  |TAMS 0x0000000085000000| PB 0x0000000085000000| Untracked |  0
|  81|0x0000000085100000, 0x0000000085200000, 0x0000000085200000|100%| O|  |TAMS 0x0000000085100000| PB 0x0000000085100000| Untracked |  0
|  82|0x0000000085200000, 0x0000000085300000, 0x0000000085300000|100%| O|Cm|TAMS 0x0000000085200000| PB 0x0000000085200000| Complete |  0
|  83|0x0000000085300000, 0x0000000085400000, 0x0000000085400000|100%| O|  |TAMS 0x0000000085300000| PB 0x0000000085300000| Untracked |  0
|  84|0x0000000085400000, 0x0000000085500000, 0x0000000085500000|100%| O|  |TAMS 0x0000000085400000| PB 0x0000000085400000| Untracked |  0
|  85|0x0000000085500000, 0x0000000085600000, 0x0000000085600000|100%| O|  |TAMS 0x0000000085500000| PB 0x0000000085500000| Untracked |  0
|  86|0x0000000085600000, 0x0000000085700000, 0x0000000085700000|100%| O|  |TAMS 0x0000000085600000| PB 0x0000000085600000| Untracked |  0
|  87|0x0000000085700000, 0x0000000085800000, 0x0000000085800000|100%| O|  |TAMS 0x0000000085700000| PB 0x0000000085700000| Untracked |  0
|  88|0x0000000085800000, 0x0000000085900000, 0x0000000085900000|100%| O|  |TAMS 0x0000000085800000| PB 0x0000000085800000| Untracked |  0
|  89|0x0000000085900000, 0x0000000085a00000, 0x0000000085a00000|100%| O|  |TAMS 0x0000000085900000| PB 0x0000000085900000| Untracked |  0
|  90|0x0000000085a00000, 0x0000000085b00000, 0x0000000085b00000|100%|HS|  |TAMS 0x0000000085a00000| PB 0x0000000085a00000| Complete |  0
|  91|0x0000000085b00000, 0x0000000085c00000, 0x0000000085c00000|100%|HC|  |TAMS 0x0000000085b00000| PB 0x0000000085b00000| Complete |  0
|  92|0x0000000085c00000, 0x0000000085d00000, 0x0000000085d00000|100%|HC|  |TAMS 0x0000000085c00000| PB 0x0000000085c00000| Complete |  0
|  93|0x0000000085d00000, 0x0000000085e00000, 0x0000000085e00000|100%|HC|  |TAMS 0x0000000085d00000| PB 0x0000000085d00000| Complete |  0
|  94|0x0000000085e00000, 0x0000000085f00000, 0x0000000085f00000|100%|HC|  |TAMS 0x0000000085e00000| PB 0x0000000085e00000| Complete |  0
|  95|0x0000000085f00000, 0x0000000086000000, 0x0000000086000000|100%|HC|  |TAMS 0x0000000085f00000| PB 0x0000000085f00000| Complete |  0
|  96|0x0000000086000000, 0x0000000086100000, 0x0000000086100000|100%|HC|  |TAMS 0x0000000086000000| PB 0x0000000086000000| Complete |  0
|  97|0x0000000086100000, 0x0000000086200000, 0x0000000086200000|100%|HC|  |TAMS 0x0000000086100000| PB 0x0000000086100000| Complete |  0
|  98|0x0000000086200000, 0x0000000086300000, 0x0000000086300000|100%|HC|  |TAMS 0x0000000086200000| PB 0x0000000086200000| Complete |  0
|  99|0x0000000086300000, 0x0000000086400000, 0x0000000086400000|100%|HC|  |TAMS 0x0000000086300000| PB 0x0000000086300000| Complete |  0
| 100|0x0000000086400000, 0x0000000086500000, 0x0000000086500000|100%|HC|  |TAMS 0x0000000086400000| PB 0x0000000086400000| Complete |  0
| 101|0x0000000086500000, 0x0000000086600000, 0x0000000086600000|100%| O|  |TAMS 0x0000000086500000| PB 0x0000000086500000| Untracked |  0
| 102|0x0000000086600000, 0x0000000086700000, 0x0000000086700000|100%| O|  |TAMS 0x0000000086600000| PB 0x0000000086600000| Untracked |  0
| 103|0x0000000086700000, 0x0000000086800000, 0x0000000086800000|100%| O|  |TAMS 0x0000000086700000| PB 0x0000000086700000| Untracked |  0
| 104|0x0000000086800000, 0x0000000086900000, 0x0000000086900000|100%| O|  |TAMS 0x0000000086800000| PB 0x0000000086800000| Untracked |  0
| 105|0x0000000086900000, 0x0000000086a00000, 0x0000000086a00000|100%| O|  |TAMS 0x0000000086900000| PB 0x0000000086900000| Untracked |  0
| 106|0x0000000086a00000, 0x0000000086b00000, 0x0000000086b00000|100%| O|  |TAMS 0x0000000086a00000| PB 0x0000000086a00000| Untracked |  0
| 107|0x0000000086b00000, 0x0000000086c00000, 0x0000000086c00000|100%| O|  |TAMS 0x0000000086b00000| PB 0x0000000086b00000| Untracked |  0
| 108|0x0000000086c00000, 0x0000000086d00000, 0x0000000086d00000|100%| O|  |TAMS 0x0000000086c00000| PB 0x0000000086c00000| Untracked |  0
| 109|0x0000000086d00000, 0x0000000086e00000, 0x0000000086e00000|100%| O|  |TAMS 0x0000000086d00000| PB 0x0000000086d00000| Untracked |  0
| 110|0x0000000086e00000, 0x0000000086f00000, 0x0000000086f00000|100%| O|  |TAMS 0x0000000086e00000| PB 0x0000000086e00000| Untracked |  0
| 111|0x0000000086f00000, 0x0000000087000000, 0x0000000087000000|100%| O|  |TAMS 0x0000000086f00000| PB 0x0000000086f00000| Untracked |  0
| 112|0x0000000087000000, 0x0000000087100000, 0x0000000087100000|100%| O|  |TAMS 0x0000000087000000| PB 0x0000000087000000| Untracked |  0
| 113|0x0000000087100000, 0x0000000087200000, 0x0000000087200000|100%| S|CS|TAMS 0x0000000087100000| PB 0x0000000087100000| Complete |  0
| 114|0x0000000087200000, 0x0000000087300000, 0x0000000087300000|100%| O|  |TAMS 0x0000000087200000| PB 0x0000000087200000| Untracked |  0
| 115|0x0000000087300000, 0x0000000087400000, 0x0000000087400000|100%| O|  |TAMS 0x0000000087300000| PB 0x0000000087300000| Untracked |  0
| 116|0x0000000087400000, 0x0000000087500000, 0x0000000087500000|100%| O|  |TAMS 0x0000000087400000| PB 0x0000000087400000| Untracked |  0
| 117|0x0000000087500000, 0x0000000087600000, 0x0000000087600000|100%| O|  |TAMS 0x0000000087500000| PB 0x0000000087500000| Untracked |  0
| 118|0x0000000087600000, 0x0000000087700000, 0x0000000087700000|100%| O|  |TAMS 0x0000000087600000| PB 0x0000000087600000| Untracked |  0
| 119|0x0000000087700000, 0x0000000087800000, 0x0000000087800000|100%| O|  |TAMS 0x0000000087700000| PB 0x0000000087700000| Untracked |  0
| 120|0x0000000087800000, 0x0000000087900000, 0x0000000087900000|100%| O|  |TAMS 0x0000000087800000| PB 0x0000000087800000| Untracked |  0
| 121|0x0000000087900000, 0x0000000087a00000, 0x0000000087a00000|100%| O|  |TAMS 0x0000000087900000| PB 0x0000000087900000| Untracked |  0
| 122|0x0000000087a00000, 0x0000000087b00000, 0x0000000087b00000|100%| O|  |TAMS 0x0000000087a00000| PB 0x0000000087a00000| Untracked |  0
| 123|0x0000000087b00000, 0x0000000087c00000, 0x0000000087c00000|100%| O|  |TAMS 0x0000000087b00000| PB 0x0000000087b00000| Untracked |  0
| 124|0x0000000087c00000, 0x0000000087d00000, 0x0000000087d00000|100%| O|  |TAMS 0x0000000087c00000| PB 0x0000000087c00000| Untracked |  0
| 125|0x0000000087d00000, 0x0000000087e00000, 0x0000000087e00000|100%| O|  |TAMS 0x0000000087d00000| PB 0x0000000087d00000| Untracked |  0
| 126|0x0000000087e00000, 0x0000000087f00000, 0x0000000087f00000|100%| O|  |TAMS 0x0000000087e00000| PB 0x0000000087e00000| Untracked |  0
| 127|0x0000000087f00000, 0x0000000088000000, 0x0000000088000000|100%| O|  |TAMS 0x0000000087f00000| PB 0x0000000087f00000| Untracked |  0
| 128|0x0000000088000000, 0x0000000088100000, 0x0000000088100000|100%| O|  |TAMS 0x0000000088000000| PB 0x0000000088000000| Untracked |  0
| 129|0x0000000088100000, 0x0000000088200000, 0x0000000088200000|100%| S|CS|TAMS 0x0000000088100000| PB 0x0000000088100000| Complete |  0
| 130|0x0000000088200000, 0x0000000088300000, 0x0000000088300000|100%| S|CS|TAMS 0x0000000088200000| PB 0x0000000088200000| Complete |  0
| 131|0x0000000088300000, 0x0000000088400000, 0x0000000088400000|100%| S|CS|TAMS 0x0000000088300000| PB 0x0000000088300000| Complete |  0
| 132|0x0000000088400000, 0x0000000088400000, 0x0000000088500000|  0%| F|  |TAMS 0x0000000088400000| PB 0x0000000088400000| Untracked |  0
| 133|0x0000000088500000, 0x0000000088600000, 0x0000000088600000|100%|HS|  |TAMS 0x0000000088500000| PB 0x0000000088500000| Complete |  0
| 134|0x0000000088600000, 0x0000000088700000, 0x0000000088700000|100%|HC|  |TAMS 0x0000000088600000| PB 0x0000000088600000| Complete |  0
| 135|0x0000000088700000, 0x0000000088800000, 0x0000000088800000|100%|HC|  |TAMS 0x0000000088700000| PB 0x0000000088700000| Complete |  0
| 136|0x0000000088800000, 0x0000000088900000, 0x0000000088900000|100%|HC|  |TAMS 0x0000000088800000| PB 0x0000000088800000| Complete |  0
| 137|0x0000000088900000, 0x0000000088a00000, 0x0000000088a00000|100%| S|CS|TAMS 0x0000000088900000| PB 0x0000000088900000| Complete |  0
| 138|0x0000000088a00000, 0x0000000088b00000, 0x0000000088b00000|100%| S|CS|TAMS 0x0000000088a00000| PB 0x0000000088a00000| Complete |  0
| 139|0x0000000088b00000, 0x0000000088b00000, 0x0000000088c00000|  0%| F|  |TAMS 0x0000000088b00000| PB 0x0000000088b00000| Untracked |  0
| 140|0x0000000088c00000, 0x0000000088c00000, 0x0000000088d00000|  0%| F|  |TAMS 0x0000000088c00000| PB 0x0000000088c00000| Untracked |  0
| 141|0x0000000088d00000, 0x0000000088d00000, 0x0000000088e00000|  0%| F|  |TAMS 0x0000000088d00000| PB 0x0000000088d00000| Untracked |  0
| 142|0x0000000088e00000, 0x0000000088e00000, 0x0000000088f00000|  0%| F|  |TAMS 0x0000000088e00000| PB 0x0000000088e00000| Untracked |  0
| 143|0x0000000088f00000, 0x0000000088f00000, 0x0000000089000000|  0%| F|  |TAMS 0x0000000088f00000| PB 0x0000000088f00000| Untracked |  0
| 144|0x0000000089000000, 0x0000000089000000, 0x0000000089100000|  0%| F|  |TAMS 0x0000000089000000| PB 0x0000000089000000| Untracked |  0
| 145|0x0000000089100000, 0x0000000089200000, 0x0000000089200000|100%| S|CS|TAMS 0x0000000089100000| PB 0x0000000089100000| Complete |  0
| 146|0x0000000089200000, 0x0000000089300000, 0x0000000089300000|100%| S|CS|TAMS 0x0000000089200000| PB 0x0000000089200000| Complete |  0
| 147|0x0000000089300000, 0x0000000089400000, 0x0000000089400000|100%| S|CS|TAMS 0x0000000089300000| PB 0x0000000089300000| Complete |  0
| 148|0x0000000089400000, 0x0000000089500000, 0x0000000089500000|100%| S|CS|TAMS 0x0000000089400000| PB 0x0000000089400000| Complete |  0
| 149|0x0000000089500000, 0x0000000089600000, 0x0000000089600000|100%| S|CS|TAMS 0x0000000089500000| PB 0x0000000089500000| Complete |  0
| 150|0x0000000089600000, 0x0000000089700000, 0x0000000089700000|100%| S|CS|TAMS 0x0000000089600000| PB 0x0000000089600000| Complete |  0
| 151|0x0000000089700000, 0x0000000089800000, 0x0000000089800000|100%| S|CS|TAMS 0x0000000089700000| PB 0x0000000089700000| Complete |  0
| 152|0x0000000089800000, 0x0000000089900000, 0x0000000089900000|100%| S|CS|TAMS 0x0000000089800000| PB 0x0000000089800000| Complete |  0
| 153|0x0000000089900000, 0x0000000089a00000, 0x0000000089a00000|100%| S|CS|TAMS 0x0000000089900000| PB 0x0000000089900000| Complete |  0
| 154|0x0000000089a00000, 0x0000000089a00000, 0x0000000089b00000|  0%| F|  |TAMS 0x0000000089a00000| PB 0x0000000089a00000| Untracked |  0
| 155|0x0000000089b00000, 0x0000000089b00000, 0x0000000089c00000|  0%| F|  |TAMS 0x0000000089b00000| PB 0x0000000089b00000| Untracked |  0
| 156|0x0000000089c00000, 0x0000000089c00000, 0x0000000089d00000|  0%| F|  |TAMS 0x0000000089c00000| PB 0x0000000089c00000| Untracked |  0
| 157|0x0000000089d00000, 0x0000000089d00000, 0x0000000089e00000|  0%| F|  |TAMS 0x0000000089d00000| PB 0x0000000089d00000| Untracked |  0
| 158|0x0000000089e00000, 0x0000000089e00000, 0x0000000089f00000|  0%| F|  |TAMS 0x0000000089e00000| PB 0x0000000089e00000| Untracked |  0
| 159|0x0000000089f00000, 0x0000000089f00000, 0x000000008a000000|  0%| F|  |TAMS 0x0000000089f00000| PB 0x0000000089f00000| Untracked |  0
| 160|0x000000008a000000, 0x000000008a000000, 0x000000008a100000|  0%| F|  |TAMS 0x000000008a000000| PB 0x000000008a000000| Untracked |  0
| 161|0x000000008a100000, 0x000000008a100000, 0x000000008a200000|  0%| F|  |TAMS 0x000000008a100000| PB 0x000000008a100000| Untracked |  0
| 162|0x000000008a200000, 0x000000008a200000, 0x000000008a300000|  0%| F|  |TAMS 0x000000008a200000| PB 0x000000008a200000| Untracked |  0
| 163|0x000000008a300000, 0x000000008a300000, 0x000000008a400000|  0%| F|  |TAMS 0x000000008a300000| PB 0x000000008a300000| Untracked |  0
| 164|0x000000008a400000, 0x000000008a400000, 0x000000008a500000|  0%| F|  |TAMS 0x000000008a400000| PB 0x000000008a400000| Untracked |  0
| 165|0x000000008a500000, 0x000000008a500000, 0x000000008a600000|  0%| F|  |TAMS 0x000000008a500000| PB 0x000000008a500000| Untracked |  0
| 166|0x000000008a600000, 0x000000008a600000, 0x000000008a700000|  0%| F|  |TAMS 0x000000008a600000| PB 0x000000008a600000| Untracked |  0
| 167|0x000000008a700000, 0x000000008a700000, 0x000000008a800000|  0%| F|  |TAMS 0x000000008a700000| PB 0x000000008a700000| Untracked |  0
| 168|0x000000008a800000, 0x000000008a800000, 0x000000008a900000|  0%| F|  |TAMS 0x000000008a800000| PB 0x000000008a800000| Untracked |  0
| 169|0x000000008a900000, 0x000000008a900000, 0x000000008aa00000|  0%| F|  |TAMS 0x000000008a900000| PB 0x000000008a900000| Untracked |  0
| 170|0x000000008aa00000, 0x000000008aa00000, 0x000000008ab00000|  0%| F|  |TAMS 0x000000008aa00000| PB 0x000000008aa00000| Untracked |  0
| 171|0x000000008ab00000, 0x000000008ab00000, 0x000000008ac00000|  0%| F|  |TAMS 0x000000008ab00000| PB 0x000000008ab00000| Untracked |  0
| 172|0x000000008ac00000, 0x000000008ac00000, 0x000000008ad00000|  0%| F|  |TAMS 0x000000008ac00000| PB 0x000000008ac00000| Untracked |  0
| 173|0x000000008ad00000, 0x000000008ad00000, 0x000000008ae00000|  0%| F|  |TAMS 0x000000008ad00000| PB 0x000000008ad00000| Untracked |  0
| 174|0x000000008ae00000, 0x000000008ae00000, 0x000000008af00000|  0%| F|  |TAMS 0x000000008ae00000| PB 0x000000008ae00000| Untracked |  0
| 175|0x000000008af00000, 0x000000008af00000, 0x000000008b000000|  0%| F|  |TAMS 0x000000008af00000| PB 0x000000008af00000| Untracked |  0
| 176|0x000000008b000000, 0x000000008b000000, 0x000000008b100000|  0%| F|  |TAMS 0x000000008b000000| PB 0x000000008b000000| Untracked |  0
| 177|0x000000008b100000, 0x000000008b100000, 0x000000008b200000|  0%| F|  |TAMS 0x000000008b100000| PB 0x000000008b100000| Untracked |  0
| 178|0x000000008b200000, 0x000000008b200000, 0x000000008b300000|  0%| F|  |TAMS 0x000000008b200000| PB 0x000000008b200000| Untracked |  0
| 179|0x000000008b300000, 0x000000008b300000, 0x000000008b400000|  0%| F|  |TAMS 0x000000008b300000| PB 0x000000008b300000| Untracked |  0
| 180|0x000000008b400000, 0x000000008b400000, 0x000000008b500000|  0%| F|  |TAMS 0x000000008b400000| PB 0x000000008b400000| Untracked |  0
| 181|0x000000008b500000, 0x000000008b500000, 0x000000008b600000|  0%| F|  |TAMS 0x000000008b500000| PB 0x000000008b500000| Untracked |  0
| 182|0x000000008b600000, 0x000000008b600000, 0x000000008b700000|  0%| F|  |TAMS 0x000000008b600000| PB 0x000000008b600000| Untracked |  0
| 183|0x000000008b700000, 0x000000008b700000, 0x000000008b800000|  0%| F|  |TAMS 0x000000008b700000| PB 0x000000008b700000| Untracked |  0
| 184|0x000000008b800000, 0x000000008b800000, 0x000000008b900000|  0%| F|  |TAMS 0x000000008b800000| PB 0x000000008b800000| Untracked |  0
| 185|0x000000008b900000, 0x000000008b900000, 0x000000008ba00000|  0%| F|  |TAMS 0x000000008b900000| PB 0x000000008b900000| Untracked |  0
| 186|0x000000008ba00000, 0x000000008ba00000, 0x000000008bb00000|  0%| F|  |TAMS 0x000000008ba00000| PB 0x000000008ba00000| Untracked |  0
| 187|0x000000008bb00000, 0x000000008bb00000, 0x000000008bc00000|  0%| F|  |TAMS 0x000000008bb00000| PB 0x000000008bb00000| Untracked |  0
| 188|0x000000008bc00000, 0x000000008bc00000, 0x000000008bd00000|  0%| F|  |TAMS 0x000000008bc00000| PB 0x000000008bc00000| Untracked |  0
| 189|0x000000008bd00000, 0x000000008bd00000, 0x000000008be00000|  0%| F|  |TAMS 0x000000008bd00000| PB 0x000000008bd00000| Untracked |  0
| 190|0x000000008be00000, 0x000000008be00000, 0x000000008bf00000|  0%| F|  |TAMS 0x000000008be00000| PB 0x000000008be00000| Untracked |  0
| 191|0x000000008bf00000, 0x000000008bf00000, 0x000000008c000000|  0%| F|  |TAMS 0x000000008bf00000| PB 0x000000008bf00000| Untracked |  0
| 192|0x000000008c000000, 0x000000008c000000, 0x000000008c100000|  0%| F|  |TAMS 0x000000008c000000| PB 0x000000008c000000| Untracked |  0
| 193|0x000000008c100000, 0x000000008c100000, 0x000000008c200000|  0%| F|  |TAMS 0x000000008c100000| PB 0x000000008c100000| Untracked |  0
| 194|0x000000008c200000, 0x000000008c200000, 0x000000008c300000|  0%| F|  |TAMS 0x000000008c200000| PB 0x000000008c200000| Untracked |  0
| 195|0x000000008c300000, 0x000000008c300000, 0x000000008c400000|  0%| F|  |TAMS 0x000000008c300000| PB 0x000000008c300000| Untracked |  0
| 196|0x000000008c400000, 0x000000008c400000, 0x000000008c500000|  0%| F|  |TAMS 0x000000008c400000| PB 0x000000008c400000| Untracked |  0
| 197|0x000000008c500000, 0x000000008c500000, 0x000000008c600000|  0%| F|  |TAMS 0x000000008c500000| PB 0x000000008c500000| Untracked |  0
| 198|0x000000008c600000, 0x000000008c600000, 0x000000008c700000|  0%| F|  |TAMS 0x000000008c600000| PB 0x000000008c600000| Untracked |  0
| 199|0x000000008c700000, 0x000000008c700000, 0x000000008c800000|  0%| F|  |TAMS 0x000000008c700000| PB 0x000000008c700000| Untracked |  0
| 200|0x000000008c800000, 0x000000008c800000, 0x000000008c900000|  0%| F|  |TAMS 0x000000008c800000| PB 0x000000008c800000| Untracked |  0
| 201|0x000000008c900000, 0x000000008c900000, 0x000000008ca00000|  0%| F|  |TAMS 0x000000008c900000| PB 0x000000008c900000| Untracked |  0
| 202|0x000000008ca00000, 0x000000008ca00000, 0x000000008cb00000|  0%| F|  |TAMS 0x000000008ca00000| PB 0x000000008ca00000| Untracked |  0
| 203|0x000000008cb00000, 0x000000008cb00000, 0x000000008cc00000|  0%| F|  |TAMS 0x000000008cb00000| PB 0x000000008cb00000| Untracked |  0
| 204|0x000000008cc00000, 0x000000008cc00000, 0x000000008cd00000|  0%| F|  |TAMS 0x000000008cc00000| PB 0x000000008cc00000| Untracked |  0
| 205|0x000000008cd00000, 0x000000008cd00000, 0x000000008ce00000|  0%| F|  |TAMS 0x000000008cd00000| PB 0x000000008cd00000| Untracked |  0
| 206|0x000000008ce00000, 0x000000008ce00000, 0x000000008cf00000|  0%| F|  |TAMS 0x000000008ce00000| PB 0x000000008ce00000| Untracked |  0
| 207|0x000000008cf00000, 0x000000008cf00000, 0x000000008d000000|  0%| F|  |TAMS 0x000000008cf00000| PB 0x000000008cf00000| Untracked |  0
| 208|0x000000008d000000, 0x000000008d000000, 0x000000008d100000|  0%| F|  |TAMS 0x000000008d000000| PB 0x000000008d000000| Untracked |  0
| 209|0x000000008d100000, 0x000000008d100000, 0x000000008d200000|  0%| F|  |TAMS 0x000000008d100000| PB 0x000000008d100000| Untracked |  0
| 210|0x000000008d200000, 0x000000008d200000, 0x000000008d300000|  0%| F|  |TAMS 0x000000008d200000| PB 0x000000008d200000| Untracked |  0
| 211|0x000000008d300000, 0x000000008d300000, 0x000000008d400000|  0%| F|  |TAMS 0x000000008d300000| PB 0x000000008d300000| Untracked |  0
| 212|0x000000008d400000, 0x000000008d400000, 0x000000008d500000|  0%| F|  |TAMS 0x000000008d400000| PB 0x000000008d400000| Untracked |  0
| 213|0x000000008d500000, 0x000000008d580000, 0x000000008d600000| 50%| E|  |TAMS 0x000000008d500000| PB 0x000000008d500000| Complete |  0
| 214|0x000000008d600000, 0x000000008d700000, 0x000000008d700000|100%| E|CS|TAMS 0x000000008d600000| PB 0x000000008d600000| Complete |  0
| 215|0x000000008d700000, 0x000000008d800000, 0x000000008d800000|100%| E|CS|TAMS 0x000000008d700000| PB 0x000000008d700000| Complete |  0
| 216|0x000000008d800000, 0x000000008d900000, 0x000000008d900000|100%| E|CS|TAMS 0x000000008d800000| PB 0x000000008d800000| Complete |  0
| 217|0x000000008d900000, 0x000000008da00000, 0x000000008da00000|100%| E|CS|TAMS 0x000000008d900000| PB 0x000000008d900000| Complete |  0
| 218|0x000000008da00000, 0x000000008db00000, 0x000000008db00000|100%| E|CS|TAMS 0x000000008da00000| PB 0x000000008da00000| Complete |  0
| 219|0x000000008db00000, 0x000000008dc00000, 0x000000008dc00000|100%| E|CS|TAMS 0x000000008db00000| PB 0x000000008db00000| Complete |  0
| 220|0x000000008dc00000, 0x000000008dd00000, 0x000000008dd00000|100%| E|CS|TAMS 0x000000008dc00000| PB 0x000000008dc00000| Complete |  0
| 221|0x000000008dd00000, 0x000000008de00000, 0x000000008de00000|100%| E|CS|TAMS 0x000000008dd00000| PB 0x000000008dd00000| Complete |  0
| 222|0x000000008de00000, 0x000000008df00000, 0x000000008df00000|100%| E|CS|TAMS 0x000000008de00000| PB 0x000000008de00000| Complete |  0
| 223|0x000000008df00000, 0x000000008e000000, 0x000000008e000000|100%| E|CS|TAMS 0x000000008df00000| PB 0x000000008df00000| Complete |  0
| 224|0x000000008e000000, 0x000000008e100000, 0x000000008e100000|100%| E|CS|TAMS 0x000000008e000000| PB 0x000000008e000000| Complete |  0
| 225|0x000000008e100000, 0x000000008e200000, 0x000000008e200000|100%| E|CS|TAMS 0x000000008e100000| PB 0x000000008e100000| Complete |  0
| 226|0x000000008e200000, 0x000000008e300000, 0x000000008e300000|100%| E|CS|TAMS 0x000000008e200000| PB 0x000000008e200000| Complete |  0
| 227|0x000000008e300000, 0x000000008e400000, 0x000000008e400000|100%| E|CS|TAMS 0x000000008e300000| PB 0x000000008e300000| Complete |  0
| 228|0x000000008e400000, 0x000000008e500000, 0x000000008e500000|100%| E|CS|TAMS 0x000000008e400000| PB 0x000000008e400000| Complete |  0
| 229|0x000000008e500000, 0x000000008e600000, 0x000000008e600000|100%| E|CS|TAMS 0x000000008e500000| PB 0x000000008e500000| Complete |  0
| 230|0x000000008e600000, 0x000000008e700000, 0x000000008e700000|100%| E|CS|TAMS 0x000000008e600000| PB 0x000000008e600000| Complete |  0
| 231|0x000000008e700000, 0x000000008e800000, 0x000000008e800000|100%| E|CS|TAMS 0x000000008e700000| PB 0x000000008e700000| Complete |  0
| 232|0x000000008e800000, 0x000000008e900000, 0x000000008e900000|100%| E|CS|TAMS 0x000000008e800000| PB 0x000000008e800000| Complete |  0
| 233|0x000000008e900000, 0x000000008ea00000, 0x000000008ea00000|100%| E|CS|TAMS 0x000000008e900000| PB 0x000000008e900000| Complete |  0
| 234|0x000000008ea00000, 0x000000008eb00000, 0x000000008eb00000|100%| E|CS|TAMS 0x000000008ea00000| PB 0x000000008ea00000| Complete |  0
| 235|0x000000008eb00000, 0x000000008ec00000, 0x000000008ec00000|100%| E|CS|TAMS 0x000000008eb00000| PB 0x000000008eb00000| Complete |  0
| 236|0x000000008ec00000, 0x000000008ed00000, 0x000000008ed00000|100%| E|CS|TAMS 0x000000008ec00000| PB 0x000000008ec00000| Complete |  0
| 237|0x000000008ed00000, 0x000000008ee00000, 0x000000008ee00000|100%| E|CS|TAMS 0x000000008ed00000| PB 0x000000008ed00000| Complete |  0
| 238|0x000000008ee00000, 0x000000008ef00000, 0x000000008ef00000|100%| E|CS|TAMS 0x000000008ee00000| PB 0x000000008ee00000| Complete |  0
| 239|0x000000008ef00000, 0x000000008f000000, 0x000000008f000000|100%| E|CS|TAMS 0x000000008ef00000| PB 0x000000008ef00000| Complete |  0
| 240|0x000000008f000000, 0x000000008f100000, 0x000000008f100000|100%| E|CS|TAMS 0x000000008f000000| PB 0x000000008f000000| Complete |  0
| 241|0x000000008f100000, 0x000000008f200000, 0x000000008f200000|100%| E|CS|TAMS 0x000000008f100000| PB 0x000000008f100000| Complete |  0
| 242|0x000000008f200000, 0x000000008f300000, 0x000000008f300000|100%| E|CS|TAMS 0x000000008f200000| PB 0x000000008f200000| Complete |  0
| 243|0x000000008f300000, 0x000000008f400000, 0x000000008f400000|100%| E|CS|TAMS 0x000000008f300000| PB 0x000000008f300000| Complete |  0
| 244|0x000000008f400000, 0x000000008f500000, 0x000000008f500000|100%| E|CS|TAMS 0x000000008f400000| PB 0x000000008f400000| Complete |  0
| 245|0x000000008f500000, 0x000000008f600000, 0x000000008f600000|100%| E|CS|TAMS 0x000000008f500000| PB 0x000000008f500000| Complete |  0
| 246|0x000000008f600000, 0x000000008f700000, 0x000000008f700000|100%| E|CS|TAMS 0x000000008f600000| PB 0x000000008f600000| Complete |  0
| 247|0x000000008f700000, 0x000000008f800000, 0x000000008f800000|100%| E|CS|TAMS 0x000000008f700000| PB 0x000000008f700000| Complete |  0
| 248|0x000000008f800000, 0x000000008f900000, 0x000000008f900000|100%| E|CS|TAMS 0x000000008f800000| PB 0x000000008f800000| Complete |  0
| 249|0x000000008f900000, 0x000000008fa00000, 0x000000008fa00000|100%| E|CS|TAMS 0x000000008f900000| PB 0x000000008f900000| Complete |  0
| 250|0x000000008fa00000, 0x000000008fb00000, 0x000000008fb00000|100%| E|CS|TAMS 0x000000008fa00000| PB 0x000000008fa00000| Complete |  0
| 251|0x000000008fb00000, 0x000000008fc00000, 0x000000008fc00000|100%| E|CS|TAMS 0x000000008fb00000| PB 0x000000008fb00000| Complete |  0
| 252|0x000000008fc00000, 0x000000008fd00000, 0x000000008fd00000|100%| E|CS|TAMS 0x000000008fc00000| PB 0x000000008fc00000| Complete |  0
| 253|0x000000008fd00000, 0x000000008fe00000, 0x000000008fe00000|100%| E|CS|TAMS 0x000000008fd00000| PB 0x000000008fd00000| Complete |  0
| 254|0x000000008fe00000, 0x000000008ff00000, 0x000000008ff00000|100%| E|CS|TAMS 0x000000008fe00000| PB 0x000000008fe00000| Complete |  0
| 255|0x000000008ff00000, 0x0000000090000000, 0x0000000090000000|100%| E|CS|TAMS 0x000000008ff00000| PB 0x000000008ff00000| Complete |  0
| 256|0x0000000090000000, 0x0000000090100000, 0x0000000090100000|100%| E|CS|TAMS 0x0000000090000000| PB 0x0000000090000000| Complete |  0
| 257|0x0000000090100000, 0x0000000090200000, 0x0000000090200000|100%| E|CS|TAMS 0x0000000090100000| PB 0x0000000090100000| Complete |  0
| 258|0x0000000090200000, 0x0000000090300000, 0x0000000090300000|100%| E|CS|TAMS 0x0000000090200000| PB 0x0000000090200000| Complete |  0
| 259|0x0000000090300000, 0x0000000090400000, 0x0000000090400000|100%| E|CS|TAMS 0x0000000090300000| PB 0x0000000090300000| Complete |  0
| 260|0x0000000090400000, 0x0000000090500000, 0x0000000090500000|100%| E|CS|TAMS 0x0000000090400000| PB 0x0000000090400000| Complete |  0
| 261|0x0000000090500000, 0x0000000090600000, 0x0000000090600000|100%| E|CS|TAMS 0x0000000090500000| PB 0x0000000090500000| Complete |  0
| 262|0x0000000090600000, 0x0000000090700000, 0x0000000090700000|100%| E|CS|TAMS 0x0000000090600000| PB 0x0000000090600000| Complete |  0
| 263|0x0000000090700000, 0x0000000090800000, 0x0000000090800000|100%| E|CS|TAMS 0x0000000090700000| PB 0x0000000090700000| Complete |  0
| 264|0x0000000090800000, 0x0000000090900000, 0x0000000090900000|100%| E|CS|TAMS 0x0000000090800000| PB 0x0000000090800000| Complete |  0
| 265|0x0000000090900000, 0x0000000090a00000, 0x0000000090a00000|100%| E|CS|TAMS 0x0000000090900000| PB 0x0000000090900000| Complete |  0
| 266|0x0000000090a00000, 0x0000000090b00000, 0x0000000090b00000|100%| E|CS|TAMS 0x0000000090a00000| PB 0x0000000090a00000| Complete |  0
| 267|0x0000000090b00000, 0x0000000090c00000, 0x0000000090c00000|100%| E|  |TAMS 0x0000000090b00000| PB 0x0000000090b00000| Complete |  0
| 268|0x0000000090c00000, 0x0000000090d00000, 0x0000000090d00000|100%| E|CS|TAMS 0x0000000090c00000| PB 0x0000000090c00000| Complete |  0
| 269|0x0000000090d00000, 0x0000000090e00000, 0x0000000090e00000|100%| E|CS|TAMS 0x0000000090d00000| PB 0x0000000090d00000| Complete |  0
| 270|0x0000000090e00000, 0x0000000090f00000, 0x0000000090f00000|100%| S|CS|TAMS 0x0000000090e00000| PB 0x0000000090e00000| Complete |  0
|2041|0x00000000ff900000, 0x00000000ff92aeb8, 0x00000000ffa00000| 16%| O|  |TAMS 0x00000000ff900000| PB 0x00000000ff900000| Untracked |  0
|2042|0x00000000ffa00000, 0x00000000ffb00000, 0x00000000ffb00000|100%| O|  |TAMS 0x00000000ffa00000| PB 0x00000000ffa00000| Untracked |  0
|2043|0x00000000ffb00000, 0x00000000ffc00000, 0x00000000ffc00000|100%| O|  |TAMS 0x00000000ffb00000| PB 0x00000000ffb00000| Untracked |  0
|2044|0x00000000ffc00000, 0x00000000ffd00000, 0x00000000ffd00000|100%| O|  |TAMS 0x00000000ffc00000| PB 0x00000000ffc00000| Untracked |  0
|2045|0x00000000ffd00000, 0x00000000ffe00000, 0x00000000ffe00000|100%| E|CS|TAMS 0x00000000ffd00000| PB 0x00000000ffd00000| Complete |  0
|2046|0x00000000ffe00000, 0x00000000fff00000, 0x00000000fff00000|100%| O|  |TAMS 0x00000000ffe00000| PB 0x00000000ffe00000| Untracked |  0
|2047|0x00000000fff00000, 0x0000000100000000, 0x0000000100000000|100%| E|CS|TAMS 0x00000000fff00000| PB 0x00000000fff00000| Complete |  0

Card table byte_map: [0x0000019430570000,0x0000019430970000] _byte_map_base: 0x0000019430170000

Marking Bits: (CMBitMap*) 0x00000194186aacb0
 Bits: [0x0000019430970000, 0x0000019432970000)

Polling page: 0x0000019416460000

Metaspace:
Metaspace        used 86970K, committed 88576K, reserved 1179648K
 class space     used 14546K, committed 15232K, reserved 1048576K

Usage:
  Non-class:     70.73 MB used.
      Class:     14.21 MB used.
       Both:     84.93 MB used.

Virtual space:
  Non-class space:      128.00 MB reserved,      71.62 MB ( 56%) committed,  2 nodes.
      Class space:        1.00 GB reserved,      14.88 MB (  1%) committed,  1 nodes.
             Both:        1.12 GB reserved,      86.50 MB (  8%) committed. 

Chunk freelists:
   Non-Class:  7.68 MB
       Class:  987.00 KB
        Both:  8.64 MB

MaxMetaspaceSize: unlimited
CompressedClassSpaceSize: 1.00 GB
Initial GC threshold: 21.00 MB
Current GC threshold: 108.38 MB
CDS: on
 - commit_granule_bytes: 65536.
 - commit_granule_words: 8192.
 - virtual_space_node_default_size: 8388608.
 - enlarge_chunks_in_place: 1.
UseCompressedClassPointers 1, UseCompactObjectHeaders 0
Narrow klass pointer bits 32, Max shift 3
Narrow klass base: 0x000000001a000000, Narrow klass shift: 0
Encoding Range: [0x000000001a000000 - 0x000000011a000000), (4294967296 bytes)
Klass Range:    [0x000000001a010000 - 0x000000005b000000), (1090453504 bytes)
Klass ID Range:  [65536 - 1090519033) (1090453497)
Protection zone: [0x000000001a000000 - 0x000000001a010000), (65536 bytes)


Internal statistics:

num_allocs_failed_limit: 16.
num_arena_births: 2478.
num_arena_deaths: 0.
num_vsnodes_births: 3.
num_vsnodes_deaths: 0.
num_space_committed: 1378.
num_space_uncommitted: 0.
num_chunks_returned_to_freelist: 16.
num_chunks_taken_from_freelist: 6001.
num_chunk_merges: 16.
num_chunk_splits: 4018.
num_chunks_enlarged: 2879.
num_inconsistent_stats: 0.

CodeHeap 'non-profiled nmethods': size=120064Kb used=4328Kb max_used=4328Kb free=115735Kb
 bounds [0x0000019428c30000, 0x0000019429070000, 0x0000019430170000]
CodeHeap 'profiled nmethods': size=120064Kb used=9497Kb max_used=9497Kb free=110566Kb
 bounds [0x0000019421150000, 0x0000019421aa0000, 0x0000019428690000]
CodeHeap 'non-nmethods': size=5760Kb used=3818Kb max_used=3908Kb free=1941Kb
 bounds [0x0000019428690000, 0x0000019428a70000, 0x0000019428c30000]
CodeCache: size=245888Kb, used=17643Kb, max_used=17733Kb, free=228242Kb
 total_blobs=9722, nmethods=7352, adapters=2227, full_count=0
Compilation: enabled, stopped_count=0, restarted_count=0

Compilation events (20 events):
Event: 21.710 Thread 0x000001943c33a870 8988       4       sun.nio.cs.SingleByte$Encoder::encode (32 bytes)
Event: 21.711 Thread 0x000001943c33a870 nmethod 8988 0x0000019429069388 code [0x0000019429069480, 0x00000194290695b8]
Event: 21.715 Thread 0x0000019434e1b650 8989       1       net.minecraft.CrashReportCategory$Entry::key (5 bytes)
Event: 21.716 Thread 0x0000019434e1b650 nmethod 8989 0x0000019429069688 code [0x0000019429069780, 0x0000019429069848]
Event: 21.716 Thread 0x0000019434e1b650 8990       1       net.minecraft.CrashReportCategory$Entry::value (5 bytes)
Event: 21.716 Thread 0x0000019434e1b650 nmethod 8990 0x0000019429069988 code [0x0000019429069a80, 0x0000019429069b48]
Event: 21.717 Thread 0x000001943c33a870 8991       4       java.lang.StringCoding::implEncodeAsciiArray (47 bytes)
Event: 21.725 Thread 0x000001943c33a870 nmethod 8991 0x0000019429069c88 code [0x0000019429069d80, 0x0000019429069fe0]
Event: 21.727 Thread 0x0000019434e1b650 8992       1       java.util.logging.Logger::getName (5 bytes)
Event: 21.727 Thread 0x0000019434e1b650 nmethod 8992 0x000001942906a008 code [0x000001942906a100, 0x000001942906a1c8]
Event: 21.727 Thread 0x0000019434e1b650 8993       3       java.util.Collections$3::hasMoreElements (10 bytes)
Event: 21.727 Thread 0x0000019434e1b650 nmethod 8993 0x0000019421a94408 code [0x0000019421a94500, 0x0000019421a946d8]
Event: 21.727 Thread 0x0000019434e1b650 8994       3       java.util.Collections$3::nextElement (10 bytes)
Event: 21.727 Thread 0x0000019434e1b650 nmethod 8994 0x0000019421a94708 code [0x0000019421a94800, 0x0000019421a949d0]
Event: 21.732 Thread 0x0000019434e1b650 8995       3       org.apache.logging.log4j.core.config.AbstractConfiguration::getLoggerConfig (56 bytes)
Event: 21.732 Thread 0x0000019434e1b650 nmethod 8995 0x0000019421a94a08 code [0x0000019421a94b00, 0x0000019421a957c0]
Event: 21.739 Thread 0x0000019434e1b650 8996       3       org.apache.logging.log4j.core.Logger$PrivateConfig::<init> (67 bytes)
Event: 21.739 Thread 0x0000019434e1b650 nmethod 8996 0x0000019421a95808 code [0x0000019421a95900, 0x0000019421a96168]
Event: 21.741 Thread 0x0000019434e1b650 8997       3       java.util.ArrayList::elementAt (4 bytes)
Event: 21.741 Thread 0x0000019434e1b650 nmethod 8997 0x0000019421a96188 code [0x0000019421a96280, 0x0000019421a96390]

GC Heap Usage History (20 events):
Event: 9.349 {heap Before GC invocations=14 (full 0):
 garbage-first heap   total reserved 2097152K, committed 232448K, used 187435K [0x0000000080000000, 0x0000000100000000)
  region size 1024K, 92 young (94208K), 12 survivors (12288K)
}
Event: 9.372 {heap After GC invocations=15 (full 0):
 garbage-first heap   total reserved 2097152K, committed 232448K, used 111284K [0x0000000080000000, 0x0000000100000000)
  region size 1024K, 7 young (7168K), 7 survivors (7168K)
}
Event: 10.478 {heap Before GC invocations=15 (full 0):
 garbage-first heap   total reserved 2097152K, committed 232448K, used 194228K [0x0000000080000000, 0x0000000100000000)
  region size 1024K, 88 young (90112K), 7 survivors (7168K)
}
Event: 10.494 {heap After GC invocations=16 (full 0):
 garbage-first heap   total reserved 2097152K, committed 232448K, used 118272K [0x0000000080000000, 0x0000000100000000)
  region size 1024K, 7 young (7168K), 7 survivors (7168K)
}
Event: 10.939 {heap Before GC invocations=16 (full 0):
 garbage-first heap   total reserved 2097152K, committed 232448K, used 199168K [0x0000000080000000, 0x0000000100000000)
  region size 1024K, 86 young (88064K), 7 survivors (7168K)
}
Event: 10.956 {heap After GC invocations=17 (full 0):
 garbage-first heap   total reserved 2097152K, committed 232448K, used 123590K [0x0000000080000000, 0x0000000100000000)
  region size 1024K, 5 young (5120K), 5 survivors (5120K)
}
Event: 11.663 {heap Before GC invocations=18 (full 0):
 garbage-first heap   total reserved 2097152K, committed 232448K, used 204486K [0x0000000080000000, 0x0000000100000000)
  region size 1024K, 84 young (86016K), 5 survivors (5120K)
}
Event: 11.673 {heap After GC invocations=19 (full 0):
 garbage-first heap   total reserved 2097152K, committed 232448K, used 127859K [0x0000000080000000, 0x0000000100000000)
  region size 1024K, 9 young (9216K), 9 survivors (9216K)
}
Event: 12.496 {heap Before GC invocations=19 (full 0):
 garbage-first heap   total reserved 2097152K, committed 232448K, used 207731K [0x0000000080000000, 0x0000000100000000)
  region size 1024K, 87 young (89088K), 9 survivors (9216K)
}
Event: 12.509 {heap After GC invocations=20 (full 0):
 garbage-first heap   total reserved 2097152K, committed 232448K, used 126755K [0x0000000080000000, 0x0000000100000000)
  region size 1024K, 7 young (7168K), 7 survivors (7168K)
}
Event: 13.581 {heap Before GC invocations=20 (full 0):
 garbage-first heap   total reserved 2097152K, committed 232448K, used 209699K [0x0000000080000000, 0x0000000100000000)
  region size 1024K, 88 young (90112K), 7 survivors (7168K)
}
Event: 13.594 {heap After GC invocations=21 (full 0):
 garbage-first heap   total reserved 2097152K, committed 232448K, used 131072K [0x0000000080000000, 0x0000000100000000)
  region size 1024K, 6 young (6144K), 6 survivors (6144K)
}
Event: 14.062 {heap Before GC invocations=22 (full 0):
 garbage-first heap   total reserved 2097152K, committed 232448K, used 214016K [0x0000000080000000, 0x0000000100000000)
  region size 1024K, 87 young (89088K), 6 survivors (6144K)
}
Event: 14.074 {heap After GC invocations=23 (full 0):
 garbage-first heap   total reserved 2097152K, committed 232448K, used 134144K [0x0000000080000000, 0x0000000100000000)
  region size 1024K, 9 young (9216K), 9 survivors (9216K)
}
Event: 14.273 {heap Before GC invocations=23 (full 0):
 garbage-first heap   total reserved 2097152K, committed 232448K, used 216064K [0x0000000080000000, 0x0000000100000000)
  region size 1024K, 89 young (91136K), 9 survivors (9216K)
}
Event: 14.288 {heap After GC invocations=24 (full 0):
 garbage-first heap   total reserved 2097152K, committed 232448K, used 135322K [0x0000000080000000, 0x0000000100000000)
  region size 1024K, 7 young (7168K), 7 survivors (7168K)
}
Event: 15.656 {heap Before GC invocations=24 (full 0):
 garbage-first heap   total reserved 2097152K, committed 232448K, used 217242K [0x0000000080000000, 0x0000000100000000)
  region size 1024K, 87 young (89088K), 7 survivors (7168K)
}
Event: 15.668 {heap After GC invocations=25 (full 0):
 garbage-first heap   total reserved 2097152K, committed 279552K, used 139263K [0x0000000080000000, 0x0000000100000000)
  region size 1024K, 7 young (7168K), 7 survivors (7168K)
}
Event: 18.167 {heap Before GC invocations=26 (full 0):
 garbage-first heap   total reserved 2097152K, committed 279552K, used 263167K [0x0000000080000000, 0x0000000100000000)
  region size 1024K, 125 young (128000K), 7 survivors (7168K)
}
Event: 18.190 {heap After GC invocations=27 (full 0):
 garbage-first heap   total reserved 2097152K, committed 284672K, used 155819K [0x0000000080000000, 0x0000000100000000)
  region size 1024K, 16 young (16384K), 16 survivors (16384K)
}

Metaspace Usage History (20 events):
Event: 9.349 {metaspace Before GC invocations=14 (full 0):
 Metaspace       used 38893K, committed 39616K, reserved 1114112K
  class space    used 4944K, committed 5248K, reserved 1048576K
}
Event: 9.372 {metaspace After GC invocations=15 (full 0):
 Metaspace       used 38893K, committed 39616K, reserved 1114112K
  class space    used 4944K, committed 5248K, reserved 1048576K
}
Event: 10.478 {metaspace Before GC invocations=15 (full 0):
 Metaspace       used 42639K, committed 43392K, reserved 1114112K
  class space    used 5830K, committed 6144K, reserved 1048576K
}
Event: 10.494 {metaspace After GC invocations=16 (full 0):
 Metaspace       used 42639K, committed 43392K, reserved 1114112K
  class space    used 5830K, committed 6144K, reserved 1048576K
}
Event: 10.939 {metaspace Before GC invocations=16 (full 0):
 Metaspace       used 43534K, committed 44224K, reserved 1114112K
  class space    used 6011K, committed 6272K, reserved 1048576K
}
Event: 10.956 {metaspace After GC invocations=17 (full 0):
 Metaspace       used 43534K, committed 44224K, reserved 1114112K
  class space    used 6011K, committed 6272K, reserved 1048576K
}
Event: 11.663 {metaspace Before GC invocations=18 (full 0):
 Metaspace       used 45261K, committed 45952K, reserved 1114112K
  class space    used 6364K, committed 6656K, reserved 1048576K
}
Event: 11.673 {metaspace After GC invocations=19 (full 0):
 Metaspace       used 45261K, committed 45952K, reserved 1114112K
  class space    used 6364K, committed 6656K, reserved 1048576K
}
Event: 12.496 {metaspace Before GC invocations=19 (full 0):
 Metaspace       used 46565K, committed 47296K, reserved 1114112K
  class space    used 6511K, committed 6784K, reserved 1048576K
}
Event: 12.509 {metaspace After GC invocations=20 (full 0):
 Metaspace       used 46565K, committed 47296K, reserved 1114112K
  class space    used 6511K, committed 6784K, reserved 1048576K
}
Event: 13.581 {metaspace Before GC invocations=20 (full 0):
 Metaspace       used 56293K, committed 57088K, reserved 1114112K
  class space    used 9172K, committed 9536K, reserved 1048576K
}
Event: 13.594 {metaspace After GC invocations=21 (full 0):
 Metaspace       used 56293K, committed 57088K, reserved 1114112K
  class space    used 9172K, committed 9536K, reserved 1048576K
}
Event: 14.062 {metaspace Before GC invocations=22 (full 0):
 Metaspace       used 56297K, committed 57088K, reserved 1114112K
  class space    used 9172K, committed 9536K, reserved 1048576K
}
Event: 14.074 {metaspace After GC invocations=23 (full 0):
 Metaspace       used 56297K, committed 57088K, reserved 1114112K
  class space    used 9172K, committed 9536K, reserved 1048576K
}
Event: 14.273 {metaspace Before GC invocations=23 (full 0):
 Metaspace       used 56297K, committed 57088K, reserved 1114112K
  class space    used 9173K, committed 9536K, reserved 1048576K
}
Event: 14.288 {metaspace After GC invocations=24 (full 0):
 Metaspace       used 56297K, committed 57088K, reserved 1114112K
  class space    used 9173K, committed 9536K, reserved 1048576K
}
Event: 15.656 {metaspace Before GC invocations=24 (full 0):
 Metaspace       used 64027K, committed 64896K, reserved 1114112K
  class space    used 10824K, committed 11200K, reserved 1048576K
}
Event: 15.668 {metaspace After GC invocations=25 (full 0):
 Metaspace       used 64027K, committed 64896K, reserved 1114112K
  class space    used 10824K, committed 11200K, reserved 1048576K
}
Event: 18.167 {metaspace Before GC invocations=26 (full 0):
 Metaspace       used 77995K, committed 79040K, reserved 1179648K
  class space    used 13429K, committed 13888K, reserved 1048576K
}
Event: 18.190 {metaspace After GC invocations=27 (full 0):
 Metaspace       used 77995K, committed 79040K, reserved 1179648K
  class space    used 13429K, committed 13888K, reserved 1048576K
}

Dll operation events (20 events):
Event: 1.891 Attempting to load shared library C:\Program Files\Eclipse Adoptium\jdk-25.0.4.7-hotspot\bin\management_ext.dll
Event: 1.891 Loaded shared library C:\Program Files\Eclipse Adoptium\jdk-25.0.4.7-hotspot\bin\management_ext.dll
Event: 2.133 Attempting to load shared library C:\Program Files\Eclipse Adoptium\jdk-25.0.4.7-hotspot\bin\verify.dll
Event: 2.134 Loaded shared library C:\Program Files\Eclipse Adoptium\jdk-25.0.4.7-hotspot\bin\verify.dll
Event: 2.788 Attempting to load shared library C:\Users\Zizo\Copper\libs\natives\lwjgl.dll
Event: 2.789 Loaded shared library C:\Users\Zizo\Copper\libs\natives\lwjgl.dll
Event: 3.252 Attempting to load shared library C:\Users\Zizo\Copper\libs\natives\lwjgl_tinyfd.dll
Event: 3.254 Loaded shared library C:\Users\Zizo\Copper\libs\natives\lwjgl_tinyfd.dll
Event: 3.440 Attempting to load shared library C:\Users\Zizo\Copper\libs\natives\lwjgl_stb.dll
Event: 3.441 Loaded shared library C:\Users\Zizo\Copper\libs\natives\lwjgl_stb.dll
Event: 3.457 Attempting to load shared library C:\Users\Zizo\Copper\libs\natives\lwjgl_vma.dll
Event: 3.459 Loaded shared library C:\Users\Zizo\Copper\libs\natives\lwjgl_vma.dll
Event: 3.475 Attempting to load shared library C:\Users\Zizo\Copper\libs\natives\lwjgl_opengl.dll
Event: 3.476 Loaded shared library C:\Users\Zizo\Copper\libs\natives\lwjgl_opengl.dll
Event: 6.111 Attempting to load shared library C:\Users\Zizo\AppData\Local\Temp\jna-2785988\jna13535194812331546931.dll
Event: 6.137 Loaded shared library C:\Users\Zizo\AppData\Local\Temp\jna-2785988\jna13535194812331546931.dll
Event: 18.007 Attempting to load shared library C:\Program Files\Eclipse Adoptium\jdk-25.0.4.7-hotspot\bin\sunmscapi.dll
Event: 18.010 Loaded shared library C:\Program Files\Eclipse Adoptium\jdk-25.0.4.7-hotspot\bin\sunmscapi.dll
Event: 18.118 Attempting to load shared library C:\Program Files\Eclipse Adoptium\jdk-25.0.4.7-hotspot\bin\extnet.dll
Event: 18.120 Loaded shared library C:\Program Files\Eclipse Adoptium\jdk-25.0.4.7-hotspot\bin\extnet.dll

Deoptimization events (20 events):
Event: 21.446 Thread 0x000001941634f7c0 Uncommon trap: trap_request=0xffffffbe fr.pc=0x0000019429055614 relative=0x0000000000000e14
Event: 21.446 Thread 0x000001941634f7c0 Uncommon trap: reason=profile_predicate action=maybe_recompile pc=0x0000019429055614 method=java.util.WeakHashMap.get(Ljava/lang/Object;)Ljava/lang/Object; @ 35 c2
Event: 21.446 Thread 0x000001941634f7c0 DEOPT PACKING pc=0x0000019429055614 sp=0x00000063b18fe900
Event: 21.446 Thread 0x000001941634f7c0 DEOPT UNPACKING pc=0x00000194287c0802 sp=0x00000063b18fe858 mode 2
Event: 21.446 Thread 0x000001941634f7c0 Uncommon trap: trap_request=0xffffffbe fr.pc=0x0000019429055614 relative=0x0000000000000e14
Event: 21.446 Thread 0x000001941634f7c0 Uncommon trap: reason=profile_predicate action=maybe_recompile pc=0x0000019429055614 method=java.util.WeakHashMap.get(Ljava/lang/Object;)Ljava/lang/Object; @ 35 c2
Event: 21.446 Thread 0x000001941634f7c0 DEOPT PACKING pc=0x0000019429055614 sp=0x00000063b18fe900
Event: 21.446 Thread 0x000001941634f7c0 DEOPT UNPACKING pc=0x00000194287c0802 sp=0x00000063b18fe858 mode 2
Event: 21.446 Thread 0x000001941634f7c0 Uncommon trap: trap_request=0xffffffbe fr.pc=0x0000019429055614 relative=0x0000000000000e14
Event: 21.446 Thread 0x000001941634f7c0 Uncommon trap: reason=profile_predicate action=maybe_recompile pc=0x0000019429055614 method=java.util.WeakHashMap.get(Ljava/lang/Object;)Ljava/lang/Object; @ 35 c2
Event: 21.446 Thread 0x000001941634f7c0 DEOPT PACKING pc=0x0000019429055614 sp=0x00000063b18fe880
Event: 21.446 Thread 0x000001941634f7c0 DEOPT UNPACKING pc=0x00000194287c0802 sp=0x00000063b18fe7d8 mode 2
Event: 21.446 Thread 0x000001941634f7c0 Uncommon trap: trap_request=0xffffffbe fr.pc=0x0000019429055614 relative=0x0000000000000e14
Event: 21.446 Thread 0x000001941634f7c0 Uncommon trap: reason=profile_predicate action=maybe_recompile pc=0x0000019429055614 method=java.util.WeakHashMap.get(Ljava/lang/Object;)Ljava/lang/Object; @ 35 c2
Event: 21.446 Thread 0x000001941634f7c0 DEOPT PACKING pc=0x0000019429055614 sp=0x00000063b18fe880
Event: 21.446 Thread 0x000001941634f7c0 DEOPT UNPACKING pc=0x00000194287c0802 sp=0x00000063b18fe7d8 mode 2
Event: 21.669 Thread 0x000001941634f7c0 Uncommon trap: trap_request=0xfffffff4 fr.pc=0x0000019429058fc4 relative=0x0000000000000444
Event: 21.669 Thread 0x000001941634f7c0 Uncommon trap: reason=null_check action=make_not_entrant pc=0x0000019429058fc4 method=com.sun.jna.Native.getNativeSize(Ljava/lang/Class;)I @ 4 c2
Event: 21.669 Thread 0x000001941634f7c0 DEOPT PACKING pc=0x0000019429058fc4 sp=0x00000063b18fe5e0
Event: 21.669 Thread 0x000001941634f7c0 DEOPT UNPACKING pc=0x00000194287c0802 sp=0x00000063b18fe570 mode 2

Classes loaded (20 events):
Event: 20.774 Loading class java/util/concurrent/ConcurrentHashMap$TreeNode
Event: 20.774 Loading class java/util/concurrent/ConcurrentHashMap$TreeNode done
Event: 20.774 Loading class java/util/concurrent/ConcurrentHashMap$TreeBin
Event: 20.774 Loading class java/util/concurrent/ConcurrentHashMap$TreeBin done
Event: 21.011 Loading class java/util/concurrent/CompletionException
Event: 21.011 Loading class java/util/concurrent/CompletionException done
Event: 21.111 Loading class java/util/stream/ReduceOps$6
Event: 21.111 Loading class java/util/stream/ReduceOps$6 done
Event: 21.111 Loading class java/util/stream/ReduceOps$5ReducingSink
Event: 21.111 Loading class java/util/stream/ReduceOps$5ReducingSink done
Event: 21.609 Loading class java/lang/NegativeArraySizeException
Event: 21.609 Loading class java/lang/NegativeArraySizeException done
Event: 21.658 Loading class java/lang/invoke/BoundMethodHandle$Species_LLLLLLL
Event: 21.658 Loading class java/lang/invoke/BoundMethodHandle$Species_LLLLLLL done
Event: 21.660 Loading class java/lang/invoke/BoundMethodHandle$Species_LLLLLLLL
Event: 21.660 Loading class java/lang/invoke/BoundMethodHandle$Species_LLLLLLLL done
Event: 21.662 Loading class java/lang/invoke/BoundMethodHandle$Species_LLLLLLLLL
Event: 21.662 Loading class java/lang/invoke/BoundMethodHandle$Species_LLLLLLLLL done
Event: 21.714 Loading class sun/nio/ch/ChannelOutputStream
Event: 21.715 Loading class sun/nio/ch/ChannelOutputStream done

Classes unloaded (0 events):
No events

Classes redefined (0 events):
No events

Internal exceptions (20 events):
Event: 20.824 Thread 0x000001941634f7c0 Exception <a 'java/lang/NoSuchMethodError'{0x000000008edb2ae0}: 'java.lang.Object java.lang.invoke.DelegatingMethodHandle$Holder.delegate(java.lang.Object, java.lang.Object, long, int, long, int, long, int, int)'> (0x000000008edb2ae0) 
thrown [s\src\hotspot\share\interpreter\linkResolver.cpp, line 804]
Event: 20.826 Thread 0x000001941634f7c0 Exception <a 'java/lang/NoSuchMethodError'{0x000000008ede3b30}: 'void java.lang.invoke.DirectMethodHandle$Holder.invokeStatic(java.lang.Object, java.lang.Object, long, int, long, int, long, int, int)'> (0x000000008ede3b30) 
thrown [s\src\hotspot\share\interpreter\linkResolver.cpp, line 804]
Event: 20.826 Thread 0x000001941634f7c0 Exception <a 'java/lang/NoSuchMethodError'{0x000000008edec2b0}: 'void java.lang.invoke.Invokers$Holder.exactInvoker(java.lang.Object, java.lang.Object, long, int, long, int, long, int, int)'> (0x000000008edec2b0) 
thrown [s\src\hotspot\share\interpreter\linkResolver.cpp, line 804]
Event: 20.827 Thread 0x000001941634f7c0 Exception <a 'java/lang/NoSuchMethodError'{0x000000008edf48e8}: 'void java.lang.invoke.DelegatingMethodHandle$Holder.delegate(java.lang.Object, java.lang.Object, long, int, long, int, long, int, int)'> (0x000000008edf48e8) 
thrown [s\src\hotspot\share\interpreter\linkResolver.cpp, line 804]
Event: 20.858 Thread 0x000001941634f7c0 Exception <a 'java/lang/NoSuchMethodError'{0x000000008eb35398}: 'void java.lang.invoke.DirectMethodHandle$Holder.invokeSpecial(java.lang.Object, java.lang.Object, java.lang.Object, java.lang.Object, java.lang.Object, java.lang.Object)'> (0x000000008eb35398) 
thrown [s\src\hotspot\share\interpreter\linkResolver.cpp, line 804]
Event: 20.859 Thread 0x000001941634f7c0 Exception <a 'sun/nio/fs/WindowsException'{0x000000008eb55120}> (0x000000008eb55120) 
thrown [s\src\hotspot\share\prims\jni.cpp, line 516]
Event: 20.956 Thread 0x000001941634f7c0 Exception <a 'sun/nio/fs/WindowsException'{0x000000008ea71be0}> (0x000000008ea71be0) 
thrown [s\src\hotspot\share\prims\jni.cpp, line 516]
Event: 21.144 Thread 0x000001941634f7c0 Exception <a 'java/lang/NoSuchMethodError'{0x000000008e387788}: 'float java.lang.invoke.DirectMethodHandle$Holder.invokeStatic(java.lang.Object, float)'> (0x000000008e387788) 
thrown [s\src\hotspot\share\interpreter\linkResolver.cpp, line 804]
Event: 21.175 Thread 0x000001941634f7c0 Exception <a 'java/lang/NoSuchMethodError'{0x000000008e2bf5b8}: 'com.mojang.authlib.yggdrasil.FriendsService com.mojang.authlib.yggdrasil.YggdrasilAuthenticationService.createFriendsService(java.lang.String)'> (0x000000008e2bf5b8) 
thrown [s\src\hotspot\share\interpreter\linkResolver.cpp, line 804]
Event: 21.213 Thread 0x000001941634f7c0 Implicit null exception at 0x00000194290433da to 0x0000019429043f90
Event: 21.360 Thread 0x000001941634f7c0 Exception <a 'java/lang/UnsatisfiedLinkError'{0x000000008dce7f30}: The specified procedure could not be found.
> (0x000000008dce7f30) 
thrown [s\src\hotspot\share\prims\jni.cpp, line 534]
Event: 21.609 Thread 0x000001941634f7c0 Exception <a 'java/lang/NegativeArraySizeException'{0x000000008d962cf8}: -2> (0x000000008d962cf8) 
thrown [s\src\hotspot\share\oops\klass.cpp, line 954]
Event: 21.657 Thread 0x000001941634f7c0 Exception <a 'java/lang/NoSuchMethodError'{0x000000008d84ea18}: 'java.lang.Object java.lang.invoke.DelegatingMethodHandle$Holder.reinvoke_L(java.lang.Object, java.lang.Object, int, int, int, int, int, int, int)'> (0x000000008d84ea18) 
thrown [s\src\hotspot\share\interpreter\linkResolver.cpp, line 804]
Event: 21.659 Thread 0x000001941634f7c0 Exception <a 'java/lang/NoSuchMethodError'{0x000000008d893d68}: 'java.lang.Object java.lang.invoke.DirectMethodHandle$Holder.invokeStatic(java.lang.Object, java.lang.Object, java.lang.Object, java.lang.Object, java.lang.Object, java.lang.Object, java.lang.Object, java.lang.Object, java.lang.Object, java.lang.Object)'> (0x000000008d893d68) 
thrown [s\src\hotspot\share\interpreter\linkResolver.cpp, line 804]
Event: 21.661 Thread 0x000001941634f7c0 Exception <a 'java/lang/NoSuchMethodError'{0x000000008d8b9078}: 'java.lang.Object java.lang.invoke.DirectMethodHandle$Holder.invokeStatic(java.lang.Object, java.lang.Object, java.lang.Object, java.lang.Object, java.lang.Object, java.lang.Object, java.lang.Object, java.lang.Object, java.lang.Object, java.lang.Object, java.lang.Object)'> (0x000000008d8b9078) 
thrown [s\src\hotspot\share\interpreter\linkResolver.cpp, line 804]
Event: 21.669 Thread 0x000001941634f7c0 Implicit null exception at 0x0000019429058ba1 to 0x0000019429058fb4
Event: 21.707 Thread 0x000001941634f7c0 Exception <a 'java/lang/NoSuchMethodError'{0x000000008d7abbe0}: 'double java.lang.invoke.DirectMethodHandle$Holder.invokeStatic(java.lang.Object, java.lang.Object, java.lang.Object)'> (0x000000008d7abbe0) 
thrown [s\src\hotspot\share\interpreter\linkResolver.cpp, line 804]
Event: 21.707 Thread 0x000001941634f7c0 Exception <a 'java/lang/NoSuchMethodError'{0x000000008d7b3cc8}: 'double java.lang.invoke.DirectMethodHandle$Holder.invokeStaticInit(java.lang.Object, java.lang.Object, java.lang.Object)'> (0x000000008d7b3cc8) 
thrown [s\src\hotspot\share\interpreter\linkResolver.cpp, line 804]
Event: 21.708 Thread 0x000001941634f7c0 Exception <a 'java/lang/NoSuchMethodError'{0x000000008d7c3e60}: 'double java.lang.invoke.DelegatingMethodHandle$Holder.reinvoke_L(java.lang.Object, java.lang.Object, java.lang.Object)'> (0x000000008d7c3e60) 
thrown [s\src\hotspot\share\interpreter\linkResolver.cpp, line 804]
Event: 21.714 Thread 0x000001941634f7c0 Exception <a 'sun/nio/fs/WindowsException'{0x000000008d604410}> (0x000000008d604410) 
thrown [s\src\hotspot\share\prims\jni.cpp, line 516]

VM Operations (20 events):
Event: 18.137 Executing non-safepoint VM operation: HandshakeAllThreads (Deoptimize) done
Event: 18.167 Executing safepoint VM operation: G1CollectForAllocation (G1 Evacuation Pause)
Event: 18.190 Executing safepoint VM operation: G1CollectForAllocation (G1 Evacuation Pause) done
Event: 18.219 Executing non-safepoint VM operation: HandshakeAllThreads (Deoptimize)
Event: 18.220 Executing non-safepoint VM operation: HandshakeAllThreads (Deoptimize) done
Event: 18.826 Executing non-safepoint VM operation: HandshakeAllThreads (Deoptimize)
Event: 18.826 Executing non-safepoint VM operation: HandshakeAllThreads (Deoptimize) done
Event: 18.957 Executing non-safepoint VM operation: HandshakeAllThreads (Deoptimize)
Event: 18.990 Executing non-safepoint VM operation: HandshakeAllThreads (Deoptimize) done
Event: 19.036 Executing non-safepoint VM operation: HandshakeAllThreads (Deoptimize)
Event: 19.040 Executing non-safepoint VM operation: HandshakeAllThreads (Deoptimize) done
Event: 19.062 Executing non-safepoint VM operation: HandshakeAllThreads (Deoptimize)
Event: 19.062 Executing non-safepoint VM operation: HandshakeAllThreads (Deoptimize) done
Event: 19.295 Executing non-safepoint VM operation: HandshakeAllThreads (Deoptimize)
Event: 19.295 Executing non-safepoint VM operation: HandshakeAllThreads (Deoptimize) done
Event: 19.311 Executing non-safepoint VM operation: HandshakeAllThreads (Deoptimize)
Event: 19.311 Executing non-safepoint VM operation: HandshakeAllThreads (Deoptimize) done
Event: 21.110 Executing non-safepoint VM operation: HandshakeAllThreads (Deoptimize)
Event: 21.110 Executing non-safepoint VM operation: HandshakeAllThreads (Deoptimize) done
Event: 21.743 Executing safepoint VM operation: Exit

Memory protections (0 events):
No events

Nmethod flushes (20 events):
Event: 15.961 Thread 0x0000019434de6fd0 flushing  nmethod 0x00000194215f0b88
Event: 15.961 Thread 0x0000019434de6fd0 flushing  nmethod 0x00000194215f3408
Event: 15.961 Thread 0x0000019434de6fd0 flushing  nmethod 0x00000194215f4988
Event: 15.961 Thread 0x0000019434de6fd0 flushing  nmethod 0x00000194215f5108
Event: 15.961 Thread 0x0000019434de6fd0 flushing  nmethod 0x00000194215f6508
Event: 15.961 Thread 0x0000019434de6fd0 flushing  nmethod 0x00000194216a5988
Event: 15.961 Thread 0x0000019434de6fd0 flushing  nmethod 0x00000194216a5c88
Event: 15.961 Thread 0x0000019434de6fd0 flushing  nmethod 0x00000194216aa188
Event: 15.961 Thread 0x0000019434de6fd0 flushing  nmethod 0x00000194216aaa88
Event: 15.961 Thread 0x0000019434de6fd0 flushing  nmethod 0x00000194218a0508
Event: 15.961 Thread 0x0000019434de6fd0 flushing  nmethod 0x00000194218d6d88
Event: 15.961 Thread 0x0000019434de6fd0 flushing  nmethod 0x0000019421925508
Event: 15.961 Thread 0x0000019434de6fd0 flushing  nmethod 0x0000019421925a88
Event: 15.961 Thread 0x0000019434de6fd0 flushing  nmethod 0x0000019421950c88
Event: 15.961 Thread 0x0000019434de6fd0 flushing  nmethod 0x0000019421951b88
Event: 15.961 Thread 0x0000019434de6fd0 flushing  nmethod 0x0000019421951e88
Event: 15.961 Thread 0x0000019434de6fd0 flushing  nmethod 0x000001942197e208
Event: 15.961 Thread 0x0000019434de6fd0 flushing  nmethod 0x000001942197e508
Event: 15.961 Thread 0x0000019434de6fd0 flushing  nmethod 0x000001942197e808
Event: 15.961 Thread 0x0000019434de6fd0 flushing  nmethod 0x00000194219a3788

Events (20 events):
Event: 17.672 Thread 0x000001941634f7c0 Thread added: 0x000001943c3005c0
Event: 18.885 Thread 0x000001943c3005c0 Thread added: 0x000001943d199060
Event: 18.888 Thread 0x000001943c302500 Thread added: 0x000001943d197120
Event: 18.893 Thread 0x000001943c2fcf10 Thread added: 0x000001943d1980c0
Event: 18.953 Thread 0x000001943c2fcf10 Thread added: 0x000001943d196950
Event: 18.978 Thread 0x000001943d199060 Thread exited: 0x000001943d199060
Event: 18.979 Thread 0x000001943d197120 Thread exited: 0x000001943d197120
Event: 18.979 Thread 0x000001943d1980c0 Thread exited: 0x000001943d1980c0
Event: 19.076 Thread 0x000001943c337810 Thread exited: 0x000001943c337810
Event: 20.160 Thread 0x0000019434e1b650 Thread added: 0x000001943c33a870
Event: 20.985 Thread 0x000001941634f7c0 Thread added: 0x000001943a2e0aa0
Event: 21.723 Thread 0x000001941634f7c0 Thread added: 0x000001943a2dfb00
Event: 21.723 Thread 0x000001941634f7c0 Thread added: 0x000001943a2e2210
Event: 21.724 Thread 0x000001941634f7c0 Thread added: 0x000001943a2deb60
Event: 21.727 Thread 0x000001943a2deb60 Thread exited: 0x000001943a2deb60
Event: 21.727 Thread 0x000001943a2e2210 Thread exited: 0x000001943a2e2210
Event: 21.743 Thread 0x000001943a2dfb00 Thread exited: 0x000001943a2dfb00
Event: 21.743 Thread 0x000001941634f7c0 Before exit entered
Event: 21.743 Thread 0x000001941634f7c0 JVMTI - enter dead phase
Event: 21.743 Thread 0x0000019434e01d50 Thread exited: 0x0000019434e01d50


Dynamic libraries:
0x00007ff72dd20000 - 0x00007ff72dd2e000 	C:\Program Files\Eclipse Adoptium\jdk-25.0.4.7-hotspot\bin\java.exe
0x00007fff28800000 - 0x00007fff28a66000 	C:\WINDOWS\SYSTEM32\ntdll.dll
0x00007fff277d0000 - 0x00007fff27899000 	C:\WINDOWS\System32\KERNEL32.DLL
0x00007fff25a40000 - 0x00007fff25e3f000 	C:\WINDOWS\System32\KERNELBASE.dll
0x00007fff25e50000 - 0x00007fff25f9c000 	C:\WINDOWS\System32\ucrtbase.dll
0x00007fff17330000 - 0x00007fff1734e000 	C:\Program Files\Eclipse Adoptium\jdk-25.0.4.7-hotspot\bin\VCRUNTIME140.dll
0x00007fff20460000 - 0x00007fff20476000 	C:\Program Files\Eclipse Adoptium\jdk-25.0.4.7-hotspot\bin\jli.dll
0x00007fff26d00000 - 0x00007fff26ec6000 	C:\WINDOWS\System32\USER32.dll
0x00007fff25a10000 - 0x00007fff25a37000 	C:\WINDOWS\System32\win32u.dll
0x00007fff267c0000 - 0x00007fff267eb000 	C:\WINDOWS\System32\GDI32.dll
0x00007fff0a8d0000 - 0x00007fff0ab61000 	C:\WINDOWS\WinSxS\amd64_microsoft.windows.common-controls_6595b64144ccf1df_6.0.26100.8972_none_3e0da176e32f9d4b\COMCTL32.dll
0x00007fff26400000 - 0x00007fff26529000 	C:\WINDOWS\System32\gdi32full.dll
0x00007fff25fb0000 - 0x00007fff26053000 	C:\WINDOWS\System32\msvcp_win.dll
0x00007fff27fb0000 - 0x00007fff28059000 	C:\WINDOWS\System32\msvcrt.dll
0x00007fff266a0000 - 0x00007fff266d2000 	C:\WINDOWS\System32\IMM32.DLL
0x00007fff22370000 - 0x00007fff2237c000 	C:\Program Files\Eclipse Adoptium\jdk-25.0.4.7-hotspot\bin\vcruntime140_1.dll
0x00007fff172a0000 - 0x00007fff1732d000 	C:\Program Files\Eclipse Adoptium\jdk-25.0.4.7-hotspot\bin\msvcp140.dll
0x00007ffe955b0000 - 0x00007ffe964e1000 	C:\Program Files\Eclipse Adoptium\jdk-25.0.4.7-hotspot\bin\server\jvm.dll
0x00007fff26540000 - 0x00007fff265fc000 	C:\WINDOWS\System32\ADVAPI32.dll
0x00007fff28550000 - 0x00007fff285fa000 	C:\WINDOWS\System32\sechost.dll
0x00007fff26a60000 - 0x00007fff26b78000 	C:\WINDOWS\System32\RPCRT4.dll
0x00007fff26730000 - 0x00007fff267b2000 	C:\WINDOWS\System32\WS2_32.dll
0x00007fff25890000 - 0x00007fff258ee000 	C:\WINDOWS\SYSTEM32\POWRPROF.dll
0x00007fff17950000 - 0x00007fff1795b000 	C:\WINDOWS\SYSTEM32\VERSION.dll
0x00007fff15120000 - 0x00007fff15156000 	C:\WINDOWS\SYSTEM32\WINMM.dll
0x00007fff25870000 - 0x00007fff25885000 	C:\WINDOWS\SYSTEM32\UMPDC.dll
0x00007fff246e0000 - 0x00007fff246fb000 	C:\WINDOWS\SYSTEM32\kernel.appcore.dll
0x00007fff20450000 - 0x00007fff2045a000 	C:\Program Files\Eclipse Adoptium\jdk-25.0.4.7-hotspot\bin\jimage.dll
0x00007fff22fb0000 - 0x00007fff231f2000 	C:\WINDOWS\SYSTEM32\DBGHELP.DLL
0x00007fff28120000 - 0x00007fff284a5000 	C:\WINDOWS\System32\combase.dll
0x00007fff26980000 - 0x00007fff26a59000 	C:\WINDOWS\System32\OLEAUT32.dll
0x00007ffeff840000 - 0x00007ffeff87b000 	C:\WINDOWS\SYSTEM32\dbgcore.DLL
0x00007fff260f0000 - 0x00007fff2619c000 	C:\WINDOWS\System32\bcryptPrimitives.dll
0x00007fff17280000 - 0x00007fff1729e000 	C:\Program Files\Eclipse Adoptium\jdk-25.0.4.7-hotspot\bin\java.dll
0x00007fff28620000 - 0x00007fff287b9000 	C:\WINDOWS\System32\ole32.dll
0x00007fff26ed0000 - 0x00007fff27658000 	C:\WINDOWS\System32\SHELL32.dll
0x00007fff234a0000 - 0x00007fff23d3b000 	C:\WINDOWS\SYSTEM32\windows.storage.dll
0x00007fff26880000 - 0x00007fff26979000 	C:\WINDOWS\System32\SHCORE.dll
0x00007fff26c80000 - 0x00007fff26ce6000 	C:\WINDOWS\System32\shlwapi.dll
0x00007fff25930000 - 0x00007fff25959000 	C:\WINDOWS\SYSTEM32\profapi.dll
0x00007fff17260000 - 0x00007fff17271000 	C:\Program Files\Eclipse Adoptium\jdk-25.0.4.7-hotspot\bin\net.dll
0x00007fff24cb0000 - 0x00007fff24d1c000 	C:\WINDOWS\system32\mswsock.dll
0x00007fff17240000 - 0x00007fff17256000 	C:\Program Files\Eclipse Adoptium\jdk-25.0.4.7-hotspot\bin\nio.dll
0x00007fff17220000 - 0x00007fff17236000 	C:\Program Files\Eclipse Adoptium\jdk-25.0.4.7-hotspot\bin\zip.dll
0x00007ffefb660000 - 0x00007ffefb678000 	C:\WINDOWS\system32\napinsp.dll
0x00007fff24170000 - 0x00007fff242c8000 	C:\WINDOWS\SYSTEM32\DNSAPI.dll
0x00007fff24a90000 - 0x00007fff24a9d000 	C:\WINDOWS\SYSTEM32\DSPARSE.dll
0x00007fff240d0000 - 0x00007fff24103000 	C:\WINDOWS\SYSTEM32\IPHLPAPI.DLL
0x00007fff26530000 - 0x00007fff2653a000 	C:\WINDOWS\System32\NSI.dll
0x00007ffefb640000 - 0x00007ffefb653000 	C:\WINDOWS\System32\winrnr.dll
0x00007ffefb610000 - 0x00007ffefb632000 	C:\WINDOWS\system32\nlansp_c.dll
0x00007fff17b60000 - 0x00007fff17b76000 	C:\WINDOWS\system32\wshbth.dll
0x00007fff16c20000 - 0x00007fff16c2b000 	C:\Windows\System32\rasadhlp.dll
0x00007fff16de0000 - 0x00007fff16e66000 	C:\WINDOWS\System32\fwpuclnt.dll
0x00007fff19550000 - 0x00007fff1955a000 	C:\Program Files\Eclipse Adoptium\jdk-25.0.4.7-hotspot\bin\management.dll
0x00007fff18ea0000 - 0x00007fff18eac000 	C:\Program Files\Eclipse Adoptium\jdk-25.0.4.7-hotspot\bin\management_ext.dll
0x00007fff26cf0000 - 0x00007fff26cf8000 	C:\WINDOWS\System32\PSAPI.DLL
0x00007fff18e70000 - 0x00007fff18e80000 	C:\Program Files\Eclipse Adoptium\jdk-25.0.4.7-hotspot\bin\verify.dll
0x00007fff24fc0000 - 0x00007fff24fdb000 	C:\WINDOWS\SYSTEM32\CRYPTSP.dll
0x00007fff24630000 - 0x00007fff24669000 	C:\WINDOWS\system32\rsaenh.dll
0x00007fff24d60000 - 0x00007fff24d92000 	C:\WINDOWS\SYSTEM32\USERENV.dll
0x00007fff25900000 - 0x00007fff2592a000 	C:\WINDOWS\SYSTEM32\bcrypt.dll
0x00007fff24fa0000 - 0x00007fff24fac000 	C:\WINDOWS\SYSTEM32\CRYPTBASE.dll
0x00007ffef7110000 - 0x00007ffef7194000 	C:\Users\Zizo\Copper\libs\natives\lwjgl.dll
0x00007ffe78bd0000 - 0x00007ffe78d2f000 	C:\WINDOWS\SYSTEM32\vulkan-1.dll
0x00007fff25570000 - 0x00007fff255c2000 	C:\WINDOWS\SYSTEM32\CFGMGR32.dll
0x00007ffe78960000 - 0x00007ffe78bd0000 	C:\Users\Zizo\Copper\libs\natives\jemalloc.dll
0x00007ffef70c0000 - 0x00007ffef7106000 	C:\Users\Zizo\Copper\libs\natives\lwjgl_tinyfd.dll
0x00007fff26b80000 - 0x00007fff26c75000 	C:\WINDOWS\System32\COMDLG32.dll
0x00007ffef7030000 - 0x00007ffef70ba000 	C:\Users\Zizo\Copper\libs\natives\glfw.dll
0x00007ffe778c0000 - 0x00007ffe78548000 	C:\Users\Zizo\Copper\libs\natives\shaderc.dll
0x00007ffe78560000 - 0x00007ffe78786000 	C:\Users\Zizo\Copper\libs\natives\freetype.dll
0x00007fff20f00000 - 0x00007fff21167000 	C:\WINDOWS\SYSTEM32\DWrite.dll
0x00007ffefb680000 - 0x00007ffefb699000 	C:\WINDOWS\SYSTEM32\USP10.dll
0x00007ffe77690000 - 0x00007ffe778bd000 	C:\Users\Zizo\Copper\libs\natives\spirv-cross.dll
0x00007ffe98860000 - 0x00007ffe988e2000 	C:\Users\Zizo\Copper\libs\natives\lwjgl_stb.dll
0x00007ffe98810000 - 0x00007ffe98854000 	C:\Users\Zizo\Copper\libs\natives\lwjgl_vma.dll
0x00007ffe98350000 - 0x00007ffe983ad000 	C:\Users\Zizo\Copper\libs\natives\lwjgl_opengl.dll
0x00007ffeec530000 - 0x00007ffeec63c000 	C:\WINDOWS\SYSTEM32\opengl32.dll
0x00007ffeec900000 - 0x00007ffeec92d000 	C:\WINDOWS\SYSTEM32\GLU32.dll
0x00007fff227f0000 - 0x00007fff22835000 	C:\WINDOWS\SYSTEM32\dxcore.dll
0x00007ffe774c0000 - 0x00007ffe77687000 	C:\Users\Zizo\Copper\libs\natives\OpenAL.dll
0x00007ffe98300000 - 0x00007ffe98349000 	C:\Users\Zizo\AppData\Local\Temp\jna-2785988\jna13535194812331546931.dll
0x00007fff28060000 - 0x00007fff2810e000 	C:\WINDOWS\System32\clbcatq.dll
0x00007fff07bf0000 - 0x00007fff07c0d000 	C:\WINDOWS\SYSTEM32\amsi.dll
0x00007fff07b40000 - 0x00007fff07be4000 	C:\ProgramData\Microsoft\Windows Defender\Platform\4.18.26080.3-0\MpOav.dll
0x00007fff02540000 - 0x00007fff02598000 	C:\WINDOWS\SYSTEM32\Pdh.dll
0x00007fff021e0000 - 0x00007fff021f1000 	C:\WINDOWS\System32\perfos.dll
0x00007fff227a0000 - 0x00007fff227b2000 	C:\WINDOWS\SYSTEM32\pfclient.dll
0x00007fff0e7b0000 - 0x00007fff0e7c2000 	C:\WINDOWS\System32\perfproc.dll
0x00007fff224b0000 - 0x00007fff224d9000 	C:\WINDOWS\SYSTEM32\Wtsapi32.dll
0x00007fff26270000 - 0x00007fff263ee000 	C:\WINDOWS\System32\CRYPT32.dll
0x00007fff249b0000 - 0x00007fff249f9000 	C:\WINDOWS\SYSTEM32\SspiCli.dll
0x00007fff257c0000 - 0x00007fff25822000 	C:\WINDOWS\SYSTEM32\WINSTA.dll
0x00007fff170f0000 - 0x00007fff170fe000 	C:\Program Files\Eclipse Adoptium\jdk-25.0.4.7-hotspot\bin\sunmscapi.dll
0x00007fff251e0000 - 0x00007fff25210000 	C:\WINDOWS\SYSTEM32\ncrypt.dll
0x00007fff25190000 - 0x00007fff251cf000 	C:\WINDOWS\SYSTEM32\NTASN1.dll
0x00007fff17210000 - 0x00007fff17219000 	C:\Program Files\Eclipse Adoptium\jdk-25.0.4.7-hotspot\bin\extnet.dll
0x00007ffe982b0000 - 0x00007ffe982fb000 	C:\WINDOWS\SYSTEM32\dinput8.dll
0x00007fff0e6d0000 - 0x00007fff0e6eb000 	C:\WINDOWS\SYSTEM32\xinput1_4.dll
0x00007fff25530000 - 0x00007fff2555f000 	C:\WINDOWS\SYSTEM32\DEVOBJ.dll
0x00007fff229c0000 - 0x00007fff229ef000 	C:\WINDOWS\SYSTEM32\dwmapi.dll
0x00007fff0b170000 - 0x00007fff0b353000 	C:\WINDOWS\SYSTEM32\inputhost.dll
0x00007fff22090000 - 0x00007fff221bb000 	C:\WINDOWS\SYSTEM32\CoreMessaging.dll
0x00007fff226f0000 - 0x00007fff22798000 	C:\WINDOWS\system32\uxtheme.dll
0x00007fff27660000 - 0x00007fff277bd000 	C:\WINDOWS\System32\MSCTF.dll
0x00007fff0c1d0000 - 0x00007fff0c3ad000 	C:\WINDOWS\system32\urlmon.dll
0x00007fff0bf00000 - 0x00007fff0c1c4000 	C:\WINDOWS\SYSTEM32\iertutil.dll
0x00007fff0bed0000 - 0x00007fff0bef9000 	C:\WINDOWS\SYSTEM32\srvcli.dll
0x00007fff24020000 - 0x00007fff2402d000 	C:\WINDOWS\SYSTEM32\netutils.dll
0x00007fff22860000 - 0x00007fff2299a000 	C:\WINDOWS\system32\dxgi.dll
0x00007fff07410000 - 0x00007fff0742f000 	C:\WINDOWS\SYSTEM32\windows.staterepositorycore.dll
0x00007fff1f4f0000 - 0x00007fff1f54f000 	C:\WINDOWS\SYSTEM32\directxdatabasehelper.dll
0x00007ffe7a0d0000 - 0x00007ffe7a11e000 	C:\ProgramData\obs-studio-hook\graphics-hook64.dll
0x00007ffe693f0000 - 0x00007ffe6a511000 	C:\WINDOWS\System32\DriverStore\FileRepository\iigd_dch.inf_amd64_5579cd97fbcd455d\ig11icd64.dll
0x00007ffe77390000 - 0x00007ffe774bc000 	C:\WINDOWS\System32\DriverStore\FileRepository\iigd_dch.inf_amd64_5579cd97fbcd455d\igdml64.dll
0x00007fff1db40000 - 0x00007fff1df49000 	C:\WINDOWS\System32\DriverStore\FileRepository\iigd_dch.inf_amd64_5579cd97fbcd455d\igdgmm64.dll
0x00007fff1a2f0000 - 0x00007fff1da86000 	C:\WINDOWS\System32\DriverStore\FileRepository\iigd_dch.inf_amd64_5579cd97fbcd455d\igc64.dll
0x00007fff1a090000 - 0x00007fff1a136000 	C:\WINDOWS\System32\MMDevApi.dll
0x00007fff0e4c0000 - 0x00007fff0e4d2000 	C:\WINDOWS\system32\wbem\wbemprox.dll
0x00007fff0e440000 - 0x00007fff0e4ba000 	C:\WINDOWS\SYSTEM32\wbemcomn.dll
0x00007fff0c630000 - 0x00007fff0c645000 	C:\WINDOWS\system32\wbem\wbemsvc.dll
0x00007fff0c8d0000 - 0x00007fff0c9c4000 	C:\WINDOWS\system32\wbem\fastprox.dll

JVMTI agents: none

dbghelp: loaded successfully - version: 4.0.5 - missing functions: none
symbol engine: initialized successfully - sym options: 0x614 - pdb path: .;C:\Program Files\Eclipse Adoptium\jdk-25.0.4.7-hotspot\bin;C:\WINDOWS\SYSTEM32;C:\WINDOWS\WinSxS\amd64_microsoft.windows.common-controls_6595b64144ccf1df_6.0.26100.8972_none_3e0da176e32f9d4b;C:\Program Files\Eclipse Adoptium\jdk-25.0.4.7-hotspot\bin\server;C:\Users\Zizo\Copper\libs\natives;C:\Users\Zizo\AppData\Local\Temp\jna-2785988;C:\ProgramData\Microsoft\Windows Defender\Platform\4.18.26080.3-0;C:\ProgramData\obs-studio-hook;C:\WINDOWS\System32\DriverStore\FileRepository\iigd_dch.inf_amd64_5579cd97fbcd455d;C:\WINDOWS\system32\wbem

VM Arguments:
jvm_args: -Djava.library.path=C:\Users\Zizo\Copper\libs\natives -Xmx2G -Dfile.encoding=UTF-8 -Duser.country=US -Duser.language=en -Duser.variant 
java_command: net.minecraft.client.main.Main --version Copper --accessToken 0 --username Player --gameDir C:\Users\Zizo\Copper\run --assetsDir C:\Users\Zizo\Copper\assets
java_class_path (initial): C:\Users\Zizo\Copper\build\classes\java\main;C:\Users\Zizo\Copper\build\resources\main;C:\Users\Zizo\Copper\libs\minecraft-26.2.jar;C:\Users\Zizo\.gradle\caches\modules-2\files-2.1\org.ow2.asm\asm-tree\9.8\18419ca5b77a2f81097c741e7872e6ab8d2f40d\asm-tree-9.8.jar;C:\Users\Zizo\.gradle\caches\modules-2\files-2.1\org.ow2.asm\asm\9.8\dc19ecb3f7889b7860697215cae99c0f9b6f6b4b\asm-9.8.jar;C:\Users\Zizo\.gradle\caches\modules-2\files-2.1\com.mojang\authlib\7.0.61\efee1e6b54e863108576eb3b3ae71144626aaefc\authlib-7.0.61.jar;C:\Users\Zizo\.gradle\caches\modules-2\files-2.1\com.mojang\datafixerupper\10.0.21\b6b2ae770c02e0c1eb90f9985b151e9085a38d0b\datafixerupper-10.0.21.jar;C:\Users\Zizo\.gradle\caches\modules-2\files-2.1\com.mojang\logging\1.7.12\351cea64a5233361327d8d54c44277041beed97f\logging-1.7.12.jar;C:\Users\Zizo\.gradle\caches\modules-2\files-2.1\com.github.oshi\oshi-core\6.8.2\7657e8b1233add643562ba17f403e95af187634c\oshi-core-6.8.2.jar;C:\Users\Zizo\.gradle\caches\modules-2\files-2.1\org.apache.logging.log4j\log4j-slf4j2-impl\2.26.0\668c0f0e813d83f00a7182533aa658ec7e7a0a0d\log4j-slf4j2-impl-2.26.0.jar;C:\Users\Zizo\.gradle\caches\modules-2\files-2.1\org.slf4j\slf4j-api\2.0.17\d9e58ac9c7779ba3bf8142aff6c830617a7fe60f\slf4j-api-2.0.17.jar;C:\Users\Zizo\.gradle\caches\modules-2\files-2.1\org.spongepowered\mixin\0.8.7\8ab114ac385e6dbdad5efafe28aba4df8120915f\mixin-0.8.7.jar;C:\Users\Zizo\.gradle\caches\modules-2\files-2.1\net.sf.jopt-simple\jopt-simple\5.0.4\4fdac2fbe92dfad86aa6e9301736f6b4342a3f5c\jopt-simple-5.0.4.jar;C:\Users\Zizo\.gradle\caches\modules-2\files-2.1\com.mojang\brigadier\1.3.10\d15b53a14cf20fdcaa98f731af5dda654452c010\brigadier-1.3.10.jar;C:\Users\Zizo\.gradle\caches\modules-2\files-2.1\io.netty\netty-codec\4.1.121.Final\69dd3a2a5b77f8d951fb05690f65448d96210888\netty-codec-4.1.121.Final.jar;C:\Users\Zizo\.gradle\caches\modules-2\files-2.1\io.netty\netty-transport\4.1.121.Final\726358c7a8d0bf25d8ba6be5e2318f1b14bb508d\netty-transport-4.1.121.Final.jar;C:\Users\Zizo\.gradle\caches\modules-2\files-2.1\io.netty\netty-buffer\4.1.121.Final\7f4edd9e82d3b62d8218e766a01dfc9769c6b290\netty-buffer-4.1.121.Final.jar;C:\Users\Zizo\.gradle\caches\modules-2\files-2.1\io.netty\netty-resolver\4.1.121.Final\e5af1b8cd5ec29a597c6e5d455bcab53991cb581\netty-resolver-4.1.121.Final.jar;C:\Users\Zizo\.gradle\caches\modules-2\files-2.1\io.netty\netty-common\4.1.121.Final\7a5252fc3543286abbd1642eac74e4df87f7235f\netty-common-4.1.121.Final.jar;C:\Users\Zizo\.gradle\caches\modules-2\files-2.1\org.joml\joml\1.10.8\fc0a71dad90a2cf41d82a76156a0e700af8e4f8d\joml-1.10.8.jar;C:\Users\Zizo\.gradle\caches\modules-2\files-2.1\org.apache.commons\commons-lang3\3.17.0\b17d2136f0460dcc0d2016ceefca8723bdf4ee70\commons-lang3-3.17.0.jar;C:\Users\Zizo\.gradle\caches\modules-2\files-2.1\com.google.code.gson\gson\2.13.2\48b8230771e573b54ce6e867a9001e75977fe78e\gson-2.13.2.jar;C:\Users\Zizo\.gradle\caches\modules-2\files-2.1\net.java.dev.jna\jna-platform\5.17.0\a4934c44d25a9d8c2ddf4203affd20330cb3426f\jna-platform-5.17.0.jar;C:\Users\Zizo\.gradle\caches\modules-2\files-2.1\net.java.dev.jna\jna\5.17.0\33d12735bef894440780fce64f9758d420c7bae2\jna-5.17.0.jar;C:\Users\Zizo\.gradle\caches\modules-2\files-2.1\org.lwjgl\lwjgl-freetype\3.4.1\caa75a37e857efc9b0686e434d708d6420c5b6ea\lwjgl-freetype-3.4.1.jar;C:\Users\Zizo\.gradle\caches\modules-2\files-2.1\org.lwjgl\lwjgl-glfw\3.4.1\a782b1ddd175c9107bf300fd92920579ea65e2a4\lwjgl-glfw-3.4.1.jar;C:\Users\Zizo\.gradle\caches\modules-2\files-2.1\org.lwjgl\lwjgl-jemalloc\3.4.1\16b663092854fc6adfe0a941e61cae2bb2e437b6\lwjgl-jemalloc-3.4.1.jar;C:\Users\Zizo\.gradle\caches\modules-2\files-2.1\org.lwjgl\lwjgl-openal\3.4.1\8508bd60589de0539aa465b78fcf838efd07ae9a\lwjgl-openal-3.4.1.jar;C:\Users\Zizo\.gradle\caches\modules-2\files-2.1\org.lwjgl\lwjgl-opengl\3.4.1\830412cab823c029cda6b9729f9d2ed36cf79959\lwjgl-opengl-3.4.1.jar;C:\Users\Zizo\.gradle\caches\modules-2\files-2.1\org.lwjgl\lwjgl-shaderc\3.4.1\5c02c88f0d879529014c78463b76f43fdecfd272\lwjgl-shaderc-3.4.1.jar;C:\Users\Zizo\.gradle\caches\modules-2\files-2.1\org.lwjgl\lwjgl-spvc\3.4.1\188553592e97b5ab2dba54a1b403ee80b48dad4c\lwjgl-spvc-3.4.1.jar;C:\Users\Zizo\.gradle\caches\modules-2\files-2.1\org.lwjgl\lwjgl-stb\3.4.1\f077c3dafc31924fbe8acb0b913f08977ba27f8e\lwjgl-stb-3.4.1.jar;C:\Users\Zizo\.gradle\caches\modules-2\files-2.1\org.lwjgl\lwjgl-tinyfd\3.4.1\562697d40dbd2ed0424bf24dcf65d51170f81adf\lwjgl-tinyfd-3.4.1.jar;C:\Users\Zizo\.gradle\caches\modules-2\files-2.1\org.lwjgl\lwjgl-vma\3.4.1\2c54ce10154feb1ede4d23c5947438cdbfdcc003\lwjgl-vma-3.4.1.jar;C:\Users\Zizo\.gradle\caches\modules-2\files-2.1\org.lwjgl\lwjgl-vulkan\3.4.1\d0601fdc38890755e5638048c14cc0f7b990964b\lwjgl-vulkan-3.4.1.jar;C:\Users\Zizo\.gradle\caches\modules-2\files-2.1\org.lwjgl\lwjgl\3.4.1\6105690714874b995aa7812e4f7732a21109276c\lwjgl-3.4.1.jar;C:\Users\Zizo\.gradle\caches\modules-2\files-2.1\com.mojang\jtracy\1.0.37\a3fb649b2e2b2288d2978f0b0bc3d83f62809d1e\jtracy-1.0.37.jar;C:\Users\Zizo\.gradle\caches\modules-2\files-2.1\it.unimi.dsi\fastutil\8.5.18\a6cff377eecc19c2037bf31568a6d7106b50ba1f\fastutil-8.5.18.jar;C:\Users\Zizo\.gradle\caches\modules-2\files-2.1\com.ibm.icu\icu4j\76.1\215f3a8e936d4069344bd75f2b1368fd58112894\icu4j-76.1.jar;C:\Users\Zizo\.gradle\caches\modules-2\files-2.1\org.jetbrains.kotlin\kotlin-stdlib-jdk8\1.8.20\73576ddf378c5b4f1f6b449fe6b119b8183fc078\kotlin-stdlib-jdk8-1.8.20.jar;C:\Users\Zizo\.gradle\caches\modules-2\files-2.1\com.google.guava\guava\32.1.2-jre\5e64ec7e056456bef3a4bc4c6fdaef71e8ab6318\guava-32.1.2-jre.jar;C:\Users\Zizo\.gradle\caches\modules-2\files-2.1\com.google.code.findbugs\jsr305\3.0.2\25ea2e8b0c338a877313bd4672d3fe056ea78f0d\jsr305-3.0.2.jar;C:\Users\Zizo\.gradle\caches\modules-2\files-2.1\commons-io\commons-io\2.11.0\a2503f302b11ebde7ebc3df41daebe0e4eea3689\commons-io-2.11.0.jar;C:\Users\Zizo\.gradle\caches\modules-2\files-2.1\org.apache.logging.log4j\log4j-core\2.26.0\d267ca60b27ddb075e0b4e75e7875859717bf85f\log4j-core-2.26.0.jar;C:\Users\Zizo\.gradle\caches\modules-2\files-2.1\org.apache.logging.log4j\log4j-api\2.26.0\ad52af0ecf054a7e3f275a2e180ee06d9c490951\log4j-api-2.26.0.jar;C:\Users\Zizo\.gradle\caches\modules-2\files-2.1\com.google.errorprone\error_prone_annotations\2.41.0\4381275efdef6ddfae38f002c31e84cd001c97f0\error_prone_annotations-2.41.0.jar;C:\Users\Zizo\.gradle\caches\modules-2\files-2.1\org.jetbrains.kotlin\kotlin-stdlib-jdk7\1.8.20\3aa51faf20aae8b31e1a4bc54f8370673d7b7df4\kotlin-stdlib-jdk7-1.8.20.jar;C:\Users\Zizo\.gradle\caches\modules-2\files-2.1\org.jetbrains.kotlin\kotlin-stdlib\1.8.20\e72fc5e03ec6c064c678a6bd0d955c88d55b0c4a\kotlin-stdlib-1.8.20.jar;C:\Users\Zizo\.gradle\caches\modules-2\files-2.1\com.google.guava\failureaccess\1.0.1\1dcf1de382a0bf95a3d8b0849546c88bac1292c9\failureaccess-1.0.1.jar;C:\Users\Zizo\.gradle\caches\modules-2\files-2.1\com.google.guava\listenablefuture\9999.0-empty-to-avoid-conflict-with-guava\b421526c5f297295adef1c886e5246c39d4ac629\listenablefuture-9999.0-empty-to-avoid-conflict-with-guava.jar;C:\Users\Zizo\.gradle\caches\modules-2\files-2.1\org.checkerframework\checker-qual\3.33.0\de2b60b62da487644fc11f734e73c8b0b431238f\checker-qual-3.33.0.jar;C:\Users\Zizo\.gradle\caches\modules-2\files-2.1\org.jetbrains.kotlin\kotlin-stdlib-common\1.8.20\5eddaaf234c8c49d03eebeb6a14feb7f90faca71\kotlin-stdlib-common-1.8.20.jar;C:\Users\Zizo\.gradle\caches\modules-2\files-2.1\org.jetbrains\annotations\13.0\919f0dfe192fb4e063e7dacadee7f8bb9a2672a9\annotations-13.0.jar
Launcher Type: SUN_STANDARD

[Global flags]
     intx CICompilerCount                          = 3                                         {product} {ergonomic}
     uint ConcGCThreads                            = 1                                         {product} {ergonomic}
     uint G1ConcRefinementThreads                  = 4                                         {product} {ergonomic}
   size_t G1HeapRegionSize                         = 1048576                                   {product} {ergonomic}
   size_t InitialHeapSize                          = 130023424                                 {product} {ergonomic}
   size_t MarkStackSize                            = 4194304                                   {product} {ergonomic}
   size_t MarkStackSizeMax                         = 536870912                                 {product} {ergonomic}
   size_t MaxHeapSize                              = 2147483648                                {product} {command line}
   size_t MaxNewSize                               = 1287651328                                {product} {ergonomic}
   size_t MinHeapDeltaBytes                        = 1048576                                   {product} {ergonomic}
   size_t MinHeapSize                              = 8388608                                   {product} {ergonomic}
    uintx NonNMethodCodeHeapSize                   = 5898240                                {pd product} {ergonomic}
    uintx NonProfiledCodeHeapSize                  = 122945536                              {pd product} {ergonomic}
    uintx ProfiledCodeHeapSize                     = 122945536                              {pd product} {ergonomic}
    uintx ReservedCodeCacheSize                    = 251789312                              {pd product} {ergonomic}
     bool SegmentedCodeCache                       = true                                      {product} {ergonomic}
   size_t SoftMaxHeapSize                          = 2147483648                             {manageable} {ergonomic}
     bool UseCompressedOops                        = true                           {product lp64_product} {ergonomic}
     bool UseG1GC                                  = true                                      {product} {ergonomic}
     bool UseLargePagesIndividualAllocation        = false                                  {pd product} {ergonomic}

Logging:
Log output configuration:
 #0: stdout all=off uptime,level,tags foldmultilines=false
 #1: stderr all=off uptime,level,tags foldmultilines=false

Release file:
IMPLEMENTOR="Eclipse Adoptium" 
IMPLEMENTOR_VERSION="Temurin-25.0.4+7" 
JAVA_RUNTIME_VERSION="25.0.4+7-LTS" 
JAVA_VERSION="25.0.4" 
JAVA_VERSION_DATE="2026-07-21" 
LIBC="default" 
MODULES="java.base java.compiler java.datatransfer java.xml java.prefs java.desktop java.instrument java.logging java.management java.security.sasl java.naming java.rmi java.management.rmi java.net.http java.scripting java.security.jgss java.transaction.xa java.sql java.sql.rowset java.xml.crypto java.se java.smartcardio jdk.accessibility jdk.internal.jvmstat jdk.attach jdk.charsets jdk.internal.opt jdk.zipfs jdk.compiler jdk.crypto.cryptoki jdk.crypto.ec jdk.crypto.mscapi jdk.dynalink jdk.internal.ed jdk.editpad jdk.internal.vm.ci jdk.graal.compiler jdk.graal.compiler.management jdk.hotspot.agent jdk.httpserver jdk.incubator.vector jdk.internal.le jdk.internal.md jdk.jartool jdk.javadoc jdk.jcmd jdk.management jdk.management.agent jdk.jconsole jdk.jdeps jdk.jdwp.agent jdk.jdi jdk.jfr jdk.jlink jdk.jpackage jdk.jshell jdk.jsobject jdk.jstatd jdk.localedata jdk.management.jfr jdk.naming.dns jdk.naming.rmi jdk.net jdk.nio.mapmode jdk.sctp jdk.security.auth jdk.security.jgss jdk.unsupported jdk.unsupported.desktop jdk.xml.dom" 
OS_ARCH="x86_64" 
OS_NAME="Windows" 
SOURCE=".:git:a2ce02c38bc9" 
BUILD_SOURCE="git:e6ba7dec3d07654074559310376a3ae89da5f4ac"
BUILD_SOURCE_REPO="https://github.com/adoptium/temurin-build.git"
SOURCE_REPO="https://github.com/adoptium/jdk25u.git"
FULL_VERSION="25.0.4+7-LTS"
SEMANTIC_VERSION="25.0.4+7"
BUILD_INFO="OS: Windows Server 2022 Version: 10.0"
JVM_VARIANT="Hotspot"
JVM_VERSION="25.0.4+7-LTS"
IMAGE_TYPE="JDK"

Environment Variables:
JAVA_HOME=C:\Program Files\Eclipse Adoptium\jdk-25.0.4.7-hotspot
PATH=c:\Users\Zizo\AppData\Roaming\Code\User\globalStorage\github.copilot-chat\debugCommand;c:\Users\Zizo\AppData\Roaming\Code\User\globalStorage\github.copilot-chat\copilotCli;C:\Program Files\Eclipse Adoptium\jdk-21.0.12.101-hotspot\bin;C:\Program Files\Eclipse Adoptium\jdk-17.0.20.8-hotspot\bin;C:\Program Files\Eclipse Adoptium\jdk-25.0.4.7-hotspot\bin;C:\WINDOWS\system32;C:\WINDOWS;C:\WINDOWS\System32\Wbem;C:\WINDOWS\System32\WindowsPowerShell\v1.0\;C:\WINDOWS\System32\OpenSSH\;C:\Program Files\dotnet\;C:\Program Files\Git\cmd;C:\Program Files\komorebi\bin\;C:\Program Files\NASM;C:\Program Files\nodejs\;C:\Program Files\LLVM\bin;C:\Users\Zizo\AppData\Local\Programs\Python\Python314\Scripts\;C:\Users\Zizo\AppData\Local\Programs\Python\Python314\;C:\Users\Zizo\AppData\Local\Programs\Python\Python311\Scripts\;C:\Users\Zizo\AppData\Local\Programs\Python\Python311\;C:\Users\Zizo\AppData\Local\Microsoft\WindowsApps;C:\Users\Zizo\AppData\Local\Programs\Microsoft VS Code\bin;C:\cross\gcc\bin;C:\Program Files\qemu;C:\tools\limine\bin;C:\Users\Zizo\Downloads\gradle-9.6.1-bin\gradle-9.6.1\bin;C:\Users\Zizo\AppData\Roaming\npm;C:\gcc\mingw64\bin;C:\iasl;C:\Users\Zizo\AppData\Local\Unity\bin;C:\Users\Zizo\.dotnet\tools;c:\Users\Zizo\.vscode\extensions\vscjava.vscode-java-debug-0.59.0\bundled\scripts\noConfigScripts
USERNAME=Zizo
LANG=en_US.UTF-8
OS=Windows_NT
PROCESSOR_IDENTIFIER=Intel64 Family 6 Model 126 Stepping 5, GenuineIntel
TMP=C:\Users\Zizo\AppData\Local\Temp
TEMP=C:\Users\Zizo\AppData\Local\Temp




Compilation memory statistics disabled.

Periodic native trim disabled

---------------  S Y S T E M  ---------------

OS:
 Windows 11 , 64 bit Build 26100 (10.0.26100.9168)
OS uptime: 0 days 4:42 hours
Hyper-V role detected

CPU: total 4 (initial active 4) (2 cores per cpu, 2 threads per core) family 6 model 126 stepping 5 microcode 0xca, cx8, cmov, fxsr, ht, mmx, 3dnowpref, sse, sse2, sse3, ssse3, sse4.1, sse4.2, popcnt, lzcnt, tsc, tscinvbit, avx, avx2, aes, erms, clmul, bmi1, bmi2, adx, avx512f, avx512dq, avx512cd, avx512bw, avx512vl, sha, fma, vzeroupper, avx512_vpopcntdq, avx512_vpclmulqdq, avx512_vaes, avx512_vnni, clflush, clflushopt, avx512_vbmi2, avx512_vbmi, hv, rdtscp, rdpid, fsrm, gfni, avx512_bitalg, f16c, avx512_ifma
Processor Information for processor 0
  Max Mhz: 1201, Current Mhz: 1201, Mhz Limit: 1201
Processor Information for processor 1
  Max Mhz: 1201, Current Mhz: 1000, Mhz Limit: 1201
Processor Information for processor 2
  Max Mhz: 1201, Current Mhz: 1000, Mhz Limit: 1201
Processor Information for processor 3
  Max Mhz: 1201, Current Mhz: 1201, Mhz Limit: 1201

Memory: 4k page, system-wide physical 7879M (567M free)
TotalPageFile size 17607M (AvailPageFile size 5782M)
current process WorkingSet (physical memory assigned to process): 587M, peak: 596M
current process commit charge ("private bytes"): 607M, peak: 627M

vm_info: OpenJDK 64-Bit Server VM (25.0.4+7-LTS) for windows-amd64 JRE (25.0.4+7-LTS), built on 2026-07-21T00:00:00Z with MS VC++ 17.12 (VS2022)

END.
